ip.version,ip.hdr_len,ip.tos,ip.id,ip.flags,ip.flags.rb,ip.flags.df,ip.flags.mf,ip.frag_offset,ip.ttl,ip.proto,ip.checksum,ip.src,ip.dst,ip.len,ip.dsfield,tcp.srcport,tcp.dstport,tcp.seq,tcp.ack,tcp.len,tcp.hdr_len,tcp.flags,tcp.flags.fin,tcp.flags.syn,tcp.flags.reset,tcp.flags.push,tcp.flags.ack,tcp.flags.urg,tcp.flags.cwr,tcp.window_size,tcp.checksum,tcp.urgent_pointer,tcp.options.mss_val
"4","20",,"0x0000","0x40","0","1","0","0","64","6","0x5eb0","192.168.1.56","104.78.177.217","64","0x00","57627","443","0","0","0","44","0x0002","0","1","0","0","0","0","0","65535","0x9bb3","0","1460"
"4","20",,"0x0000","0x40","0","1","0","0","57","6","0x65b4","104.78.177.217","192.168.1.56","60","0x00","443","57627","0","1","0","40","0x0012","0","1","0","0","1","0","0","65160","0xb4c3","0","1360"
"4","20",,"0x0000","0x40","0","1","0","0","64","6","0xb85b","192.168.1.56","172.217.19.163","64","0x00","57628","443","0","0","0","44","0x0002","0","1","0","0","0","0","0","65535","0xe4fb","0","1460"
"4","20",,"0x0000","0x40","0","1","0","0","64","6","0x4b2b","192.168.1.56","95.100.206.72","64","0x00","57633","443","0","0","0","44","0x0002","0","1","0","0","0","0","0","65535","0xb4fa","0","1460"
"4","20",,"0x0000","0x40","0","1","0","0","60","6","0x4f2f","95.100.206.72","192.168.1.56","60","0x00","443","57633","0","1","0","40","0x0012","0","1","0","0","1","0","0","65160","0xdf75","0","1360"
"4","20",,"0x9b3e","0x00","0","0","0","0","111","6","0x2e21","172.217.19.163","192.168.1.56","60","0x00","443","57628","0","1","0","40","0x0012","0","1","0","0","1","0","0","65535","0x63bb","0","1360"
"4","20",,"0x0000","0x40","0","1","0","0","64","6","0xb9f1","192.168.1.56","46.228.144.2","64","0x00","57634","443","0","0","0","44","0x0002","0","1","0","0","0","0","0","65535","0xc343","0","1460"
"4","20",,"0x0000","0x40","0","1","0","0","64","6","0xb9f1","192.168.1.56","46.228.144.2","64","0x00","57635","443","0","0","0","44","0x0002","0","1","0","0","0","0","0","65535","0x2114","0","1460"
"4","20",,"0x0000","0x40","0","1","0","0","64","6","0xb9f1","192.168.1.56","46.228.144.2","64","0x00","57636","443","0","0","0","44","0x0002","0","1","0","0","0","0","0","65535","0x16fc","0","1460"
"4","20",,"0x0000","0x40","0","1","0","0","64","6","0xb9f1","192.168.1.56","46.228.144.2","64","0x00","57637","443","0","0","0","44","0x0002","0","1","0","0","0","0","0","65535","0x1923","0","1460"
"4","20",,"0x0000","0x40","0","1","0","0","64","6","0xb9f1","192.168.1.56","46.228.144.2","64","0x00","57638","443","0","0","0","44","0x0002","0","1","0","0","0","0","0","65535","0xb841","0","1460"
"4","20",,"0x0000","0x40","0","1","0","0","64","6","0x5fc3","192.168.1.56","199.232.81.44","64","0x00","57639","443","0","0","0","44","0x0002","0","1","0","0","0","0","0","65535","0x9f30","0","1460"
"4","20",,"0x0000","0x40","0","1","0","0","64","6","0x08a3","192.168.1.56","104.26.8.27","64","0x00","57640","443","0","0","0","44","0x0002","0","1","0","0","0","0","0","65535","0x5fdd","0","1460"
"4","20",,"0x0000","0x40","0","1","0","0","53","6","0x6ac7","199.232.81.44","192.168.1.56","60","0x00","443","57639","0","1","0","40","0x0012","0","1","0","0","1","0","0","65535","0xec6a","0","1360"
"4","20",,"0x0000","0x40","0","1","0","0","64","6","0x70ee","192.168.1.56","13.225.250.8","64","0x00","57641","443","0","0","0","44","0x0002","0","1","0","0","0","0","0","65535","0x9943","0","1460"
"4","20",,"0x0000","0x40","0","1","0","0","54","6","0xc3f5","46.228.144.2","192.168.1.56","60","0x00","443","57634","0","1","0","40","0x0012","0","1","0","0","1","0","0","65535","0xdeee","0","1360"
"4","20",,"0x0000","0x40","0","1","0","0","53","6","0xc4f5","46.228.144.2","192.168.1.56","60","0x00","443","57636","0","1","0","40","0x0012","0","1","0","0","1","0","0","65535","0xb5ba","0","1360"
"4","20",,"0x0000","0x40","0","1","0","0","52","6","0xc5f5","46.228.144.2","192.168.1.56","60","0x00","443","57638","0","1","0","40","0x0012","0","1","0","0","1","0","0","65535","0x314a","0","1360"
"4","20",,"0x0000","0x40","0","1","0","0","52","6","0xc5f5","46.228.144.2","192.168.1.56","60","0x00","443","57635","0","1","0","40","0x0012","0","1","0","0","1","0","0","65535","0x4be9","0","1360"
"4","20",,"0x0000","0x40","0","1","0","0","51","6","0xc6f5","46.228.144.2","192.168.1.56","60","0x00","443","57637","0","1","0","40","0x0012","0","1","0","0","1","0","0","65535","0x8365","0","1360"
"4","20",,"0x0000","0x40","0","1","0","0","64","6","0x70ee","192.168.1.56","13.225.250.8","64","0x00","57642","443","0","0","0","44","0x0002","0","1","0","0","0","0","0","65535","0x0eb1","0","1460"
"4","20",,"0x0000","0x40","0","1","0","0","53","6","0x13af","104.26.8.27","192.168.1.56","52","0x00","443","57640","0","1","0","32","0x0012","0","1","0","0","1","0","0","65535","0x6f0e","0","1360"
"4","20",,"0x0000","0x40","0","1","0","0","64","6","0x70ee","192.168.1.56","13.225.250.8","64","0x00","57643","443","0","0","0","44","0x0002","0","1","0","0","0","0","0","65535","0x7f52","0","1460"
"4","20",,"0xab29","0x00","0","0","0","0","239","6","0x56c8","13.225.250.8","192.168.1.56","60","0x00","443","57641","0","1","0","40","0x0012","0","1","0","0","1","0","0","65535","0x3319","0","1360"
"4","20",,"0xd025","0x00","0","0","0","0","238","6","0x32cc","13.225.250.8","192.168.1.56","60","0x00","443","57642","0","1","0","40","0x0012","0","1","0","0","1","0","0","65535","0x0a18","0","1360"
"4","20",,"0x943f","0x00","0","0","0","0","236","6","0x70b2","13.225.250.8","192.168.1.56","60","0x00","443","57643","0","1","0","40","0x0012","0","1","0","0","1","0","0","65535","0x46cf","0","1360"
"4","20",,"0x0000","0x40","0","1","0","0","64","6","0x98cf","192.168.1.56","72.246.151.18","64","0x00","57644","443","0","0","0","44","0x0002","0","1","0","0","0","0","0","65535","0x296e","0","1460"
"4","20",,"0x0000","0x40","0","1","0","0","59","6","0x9dd3","72.246.151.18","192.168.1.56","60","0x00","443","57644","0","1","0","40","0x0012","0","1","0","0","1","0","0","28960","0xda20","0","1360"
"4","20",,"0x0000","0x40","0","1","0","0","64","6","0x860e","192.168.1.56","172.67.70.134","64","0x00","57645","443","0","0","0","44","0x0002","0","1","0","0","0","0","0","65535","0x6ea0","0","1460"
"4","20",,"0x0000","0x40","0","1","0","0","64","6","0x869d","192.168.1.56","172.67.69.247","64","0x00","57646","443","0","0","0","44","0x0002","0","1","0","0","0","0","0","65535","0x7b7d","0","1460"
"4","20",,"0x0000","0x40","0","1","0","0","54","6","0x901a","172.67.70.134","192.168.1.56","52","0x00","443","57645","0","1","0","32","0x0012","0","1","0","0","1","0","0","65535","0x8382","0","1360"
"4","20",,"0x0000","0x40","0","1","0","0","54","6","0x90a9","172.67.69.247","192.168.1.56","52","0x00","443","57646","0","1","0","32","0x0012","0","1","0","0","1","0","0","65535","0x5711","0","1360"
"4","20",,"0x0000","0x40","0","1","0","0","64","6","0x5eb0","192.168.1.56","104.78.177.217","64","0x00","57651","443","0","0","0","44","0x0002","0","1","0","0","0","0","0","65535","0x6094","0","1460"
"4","20",,"0x0000","0x40","0","1","0","0","57","6","0x65b4","104.78.177.217","192.168.1.56","60","0x00","443","57651","0","1","0","40","0x0012","0","1","0","0","1","0","0","65160","0x3d59","0","1360"
"4","20",,"0x0000","0x40","0","1","0","0","64","6","0x5a15","192.168.1.56","104.17.182.177","64","0x00","57652","443","0","0","0","44","0x0002","0","1","0","0","0","0","0","65535","0xf64b","0","1460"
"4","20",,"0x0000","0x40","0","1","0","0","64","6","0x70a8","192.168.1.56","13.225.250.78","64","0x00","57653","443","0","0","0","44","0x0002","0","1","0","0","0","0","0","65535","0x02ae","0","1460"
"4","20",,"0x0000","0x40","0","1","0","0","64","6","0xd0a6","192.168.1.56","65.9.103.40","64","0x00","57654","443","0","0","0","44","0x0002","0","1","0","0","0","0","0","65535","0x1da6","0","1460"
"4","20",,"0x0000","0x40","0","1","0","0","64","6","0x7b8e","192.168.1.56","104.19.149.54","64","0x00","57655","443","0","0","0","44","0x0002","0","1","0","0","0","0","0","65535","0x6be0","0","1460"
"4","20",,"0x0000","0x40","0","1","0","0","57","6","0x6099","104.17.182.177","192.168.1.56","52","0x88","443","57652","0","1","0","32","0x0012","0","1","0","0","1","0","0","65535","0x0bc7","0","1360"
"4","20",,"0x0000","0x40","0","1","0","0","64","6","0xb9f1","192.168.1.56","46.228.144.2","64","0x00","57656","443","0","0","0","44","0x0002","0","1","0","0","0","0","0","65535","0xa852","0","1460"
"4","20",,"0x0000","0x40","0","1","0","0","57","6","0x8212","104.19.149.54","192.168.1.56","52","0x88","443","57655","0","1","0","32","0x0012","0","1","0","0","1","0","0","65535","0x5d81","0","1360"
"4","20",,"0x0000","0x40","0","1","0","0","64","6","0xbc4c","192.168.1.56","104.21.84.118","64","0x00","57657","443","0","0","0","44","0x0002","0","1","0","0","0","0","0","65535","0x84ad","0","1460"
"4","20",,"0xd714","0x00","0","0","0","0","237","6","0x2c97","13.225.250.78","192.168.1.56","60","0x00","443","57653","0","1","0","40","0x0012","0","1","0","0","1","0","0","65535","0xff95","0","1360"
"4","20",,"0x0cb0","0x00","0","0","0","0","238","6","0x55fa","65.9.103.40","192.168.1.56","60","0x00","443","57654","0","1","0","40","0x0012","0","1","0","0","1","0","0","65535","0x3f4b","0","1360"
"4","20",,"0x0000","0x40","0","1","0","0","64","6","0xf20f","192.168.1.56","104.18.30.182","64","0x00","57658","80","0","0","0","44","0x0002","0","1","0","0","0","0","0","65535","0x0dad","0","1460"
"4","20",,"0x0000","0x40","0","1","0","0","53","6","0xc4f5","46.228.144.2","192.168.1.56","60","0x00","443","57656","0","1","0","40","0x0012","0","1","0","0","1","0","0","65535","0x2c75","0","1360"
"4","20",,"0x0000","0x40","0","1","0","0","64","6","0x1df5","192.168.1.56","142.250.203.232","64","0x00","57659","443","0","0","0","44","0x0002","0","1","0","0","0","0","0","65535","0x4ac3","0","1460"
"4","20",,"0x0000","0x40","0","1","0","0","57","6","0xf893","104.18.30.182","192.168.1.56","52","0x88","80","57658","0","1","0","32","0x0012","0","1","0","0","1","0","0","65535","0xac7a","0","1360"
"4","20",,"0x0000","0x40","0","1","0","0","52","6","0xc858","104.21.84.118","192.168.1.56","52","0x00","443","57657","0","1","0","32","0x0012","0","1","0","0","1","0","0","65535","0xef59","0","1360"
"4","20",,"0xb556","0x00","0","0","0","0","117","6","0x73a2","142.250.203.232","192.168.1.56","60","0x00","443","57659","0","1","0","40","0x0012","0","1","0","0","1","0","0","65535","0x0e3a","0","1360"
"4","20",,"0x0000","0x40","0","1","0","0","64","6","0x5fc3","192.168.1.56","199.232.81.44","64","0x00","57660","443","0","0","0","44","0x0002","0","1","0","0","0","0","0","65535","0xcdbc","0","1460"
"4","20",,"0x0000","0x40","0","1","0","0","64","6","0x5fc3","192.168.1.56","199.232.81.44","64","0x00","57661","443","0","0","0","44","0x0002","0","1","0","0","0","0","0","65535","0x79e8","0","1460"
"4","20",,"0x0000","0x40","0","1","0","0","64","6","0x5fc3","192.168.1.56","199.232.81.44","64","0x00","57662","443","0","0","0","44","0x0002","0","1","0","0","0","0","0","65535","0x6959","0","1460"
"4","20",,"0x0000","0x40","0","1","0","0","64","6","0xf1c0","192.168.1.56","172.67.218.211","64","0x00","57663","443","0","0","0","44","0x0002","0","1","0","0","0","0","0","65535","0xa68a","0","1460"
"4","20",,"0x0000","0x40","0","1","0","0","64","6","0x70b4","192.168.1.56","13.225.250.66","64","0x00","57664","443","0","0","0","44","0x0002","0","1","0","0","0","0","0","65535","0x89e5","0","1460"
"4","20",,"0x0000","0x40","0","1","0","0","52","6","0x6bc7","199.232.81.44","192.168.1.56","60","0x00","443","57660","0","1","0","40","0x0012","0","1","0","0","1","0","0","65535","0x1269","0","1360"
"4","20",,"0x0000","0x40","0","1","0","0","53","6","0x6ac7","199.232.81.44","192.168.1.56","60","0x00","443","57661","0","1","0","40","0x0012","0","1","0","0","1","0","0","65535","0x05e6","0","1360"
"4","20",,"0x0000","0x40","0","1","0","0","64","6","0x0d78","192.168.1.56","104.26.3.70","64","0x00","57665","443","0","0","0","44","0x0002","0","1","0","0","0","0","0","65535","0x0408","0","1460"
"4","20",,"0x0000","0x40","0","1","0","0","55","6","0x68c7","199.232.81.44","192.168.1.56","60","0x00","443","57662","0","1","0","40","0x0012","0","1","0","0","1","0","0","65535","0x7c90","0","1360"
"4","20",,"0x432c","0x00","0","0","0","0","239","6","0xbe8b","13.225.250.66","192.168.1.56","60","0x00","443","57664","0","1","0","40","0x0012","0","1","0","0","1","0","0","65535","0x5ab7","0","1360"
"4","20",,"0x0000","0x40","0","1","0","0","55","6","0xfacc","172.67.218.211","192.168.1.56","52","0x00","443","57663","0","1","0","32","0x0012","0","1","0","0","1","0","0","65535","0x1c40","0","1360"
"4","20",,"0x0000","0x40","0","1","0","0","52","6","0x1984","104.26.3.70","192.168.1.56","52","0x00","443","57665","0","1","0","32","0x0012","0","1","0","0","1","0","0","65535","0x158c","0","1360"
"4","20",,"0x0000","0x40","0","1","0","0","64","6","0xe283","192.168.1.56","185.33.221.50","64","0x00","57670","443","0","0","0","44","0x0002","0","1","0","0","0","0","0","65535","0x8539","0","1460"
"4","20",,"0x0000","0x40","0","1","0","0","64","6","0x4b75","192.168.1.56","95.100.205.254","64","0x00","57671","443","0","0","0","44","0x0002","0","1","0","0","0","0","0","65535","0x26a7","0","1460"
"4","20",,"0x0000","0x40","0","1","0","0","64","6","0x98d1","192.168.1.56","72.246.151.16","64","0x00","57672","80","0","0","0","44","0x0002","0","1","0","0","0","0","0","65535","0xc925","0","1460"
"4","20",,"0x0000","0x40","0","1","0","0","60","6","0x4f79","95.100.205.254","192.168.1.56","60","0x00","443","57671","0","1","0","40","0x0012","0","1","0","0","1","0","0","65160","0xe52b","0","1360"
"4","20",,"0x0000","0x40","0","1","0","0","59","6","0x9dd5","72.246.151.16","192.168.1.56","60","0x00","80","57672","0","1","0","40","0x0012","0","1","0","0","1","0","0","28960","0x6150","0","1360"
"4","20",,"0x0000","0x40","0","1","0","0","60","6","0x4f79","95.100.205.254","192.168.1.56","60","0x00","443","57671","0","1","0","40","0x0012","0","1","0","0","1","0","0","65160","0xe51a","0","1360"
"4","20",,"0x0000","0x40","0","1","0","0","64","6","0x0ab8","192.168.1.56","104.26.6.6","64","0x00","57673","443","0","0","0","44","0x0002","0","1","0","0","0","0","0","65535","0x4aca","0","1460"
"4","20",,"0x0000","0x40","0","1","0","0","64","6","0x0ab8","192.168.1.56","104.26.6.6","64","0x00","57674","443","0","0","0","44","0x0002","0","1","0","0","0","0","0","65535","0xffab","0","1460"
"4","20",,"0x0000","0x40","0","1","0","0","64","6","0x0ab8","192.168.1.56","104.26.6.6","64","0x00","57675","443","0","0","0","44","0x0002","0","1","0","0","0","0","0","65535","0xdcb2","0","1460"
"4","20",,"0x0000","0x40","0","1","0","0","64","6","0x0ab8","192.168.1.56","104.26.6.6","64","0x00","57676","443","0","0","0","44","0x0002","0","1","0","0","0","0","0","65535","0xc793","0","1460"
"4","20",,"0x0000","0x40","0","1","0","0","50","6","0xf07f","185.33.221.50","192.168.1.56","60","0x08","443","57670","0","1","0","40","0x0012","0","1","0","0","1","0","0","43440","0x3b87","0","1360"
"4","20",,"0x0000","0x40","0","1","0","0","64","6","0xb910","192.168.1.56","172.217.18.238","64","0x00","57677","443","0","0","0","44","0x0002","0","1","0","0","0","0","0","65535","0xd58d","0","1460"
"4","20",,"0x0000","0x40","0","1","0","0","64","6","0x5770","192.168.1.56","34.107.254.252","64","0x00","57678","443","0","0","0","44","0x0002","0","1","0","0","0","0","0","65535","0xfc64","0","1460"
"4","20",,"0x0000","0x40","0","1","0","0","64","6","0x4bb4","192.168.1.56","35.241.9.51","64","0x00","57679","443","0","0","0","44","0x0002","0","1","0","0","0","0","0","65535","0xa40a","0","1460"
"4","20",,"0x0000","0x40","0","1","0","0","64","6","0x98d1","192.168.1.56","72.246.151.16","64","0x00","57680","80","0","0","0","44","0x0002","0","1","0","0","0","0","0","65535","0xe4d9","0","1460"
"4","20",,"0x0000","0x40","0","1","0","0","64","6","0x8557","192.168.1.56","172.67.71.61","64","0x00","57681","443","0","0","0","44","0x0002","0","1","0","0","0","0","0","65535","0x8cbf","0","1460"
"4","20",,"0x0000","0x40","0","1","0","0","59","6","0x9dd5","72.246.151.16","192.168.1.56","60","0x00","80","57680","0","1","0","40","0x0012","0","1","0","0","1","0","0","28960","0x9392","0","1360"
"4","20",,"0x0000","0x40","0","1","0","0","53","6","0x15c4","104.26.6.6","192.168.1.56","52","0x00","443","57674","0","1","0","32","0x0012","0","1","0","0","1","0","0","65535","0x80dc","0","1360"
"4","20",,"0x0000","0x40","0","1","0","0","53","6","0x15c4","104.26.6.6","192.168.1.56","52","0x00","443","57676","0","1","0","32","0x0012","0","1","0","0","1","0","0","65535","0xa119","0","1360"
"4","20",,"0x0000","0x40","0","1","0","0","53","6","0x15c4","104.26.6.6","192.168.1.56","52","0x00","443","57673","0","1","0","32","0x0012","0","1","0","0","1","0","0","65535","0xed1f","0","1360"
"4","20",,"0x0000","0x40","0","1","0","0","52","6","0x16c4","104.26.6.6","192.168.1.56","52","0x00","443","57675","0","1","0","32","0x0012","0","1","0","0","1","0","0","65535","0x6fe6","0","1360"
"4","20",,"0x0000","0x40","0","1","0","0","64","6","0x353d","192.168.1.56","104.79.219.75","64","0x00","57682","443","0","0","0","44","0x0002","0","1","0","0","0","0","0","65535","0x1ab8","0","1460"
"4","20",,"0x0000","0x40","0","1","0","0","64","6","0x20b2","192.168.1.56","104.16.240.21","64","0x00","57683","443","0","0","0","44","0x0002","0","1","0","0","0","0","0","65535","0x5c4d","0","1460"
"4","20",,"0x0000","0x40","0","1","0","0","59","6","0x3a41","104.79.219.75","192.168.1.56","60","0x00","443","57682","0","1","0","40","0x0012","0","1","0","0","1","0","0","65160","0x39d9","0","1360"
"4","20",,"0xfac7","0x00","0","0","0","0","117","6","0xc94c","172.217.18.238","192.168.1.56","60","0x00","443","57677","0","1","0","40","0x0012","0","1","0","0","1","0","0","65535","0x2624","0","1260"
"4","20",,"0xe626","0x00","0","0","0","0","117","6","0x7c4d","34.107.254.252","192.168.1.56","60","0x00","443","57678","0","1","0","40","0x0012","0","1","0","0","1","0","0","65535","0x57e1","0","1360"
"4","20",,"0xd085","0x00","0","0","0","0","115","6","0x8832","35.241.9.51","192.168.1.56","60","0x00","443","57679","0","1","0","40","0x0012","0","1","0","0","1","0","0","65535","0xb757","0","1360"
"4","20",,"0x0000","0x40","0","1","0","0","64","6","0xa541","192.168.1.56","54.184.156.222","64","0x00","57684","443","0","0","0","44","0x0002","0","1","0","0","0","0","0","65535","0x5c5f","0","1460"
"4","20",,"0x0000","0x40","0","1","0","0","64","6","0x5b9c","192.168.1.56","52.30.233.29","64","0x00","57685","443","0","0","0","44","0x0002","0","1","0","0","0","0","0","65535","0x4375","0","1460"
"4","20",,"0x0000","0x40","0","1","0","0","53","6","0x9063","172.67.71.61","192.168.1.56","52","0x00","443","57681","0","1","0","32","0x0012","0","1","0","0","1","0","0","65535","0x359f","0","1360"
"4","20",,"0x0000","0x40","0","1","0","0","53","6","0x2bbe","104.16.240.21","192.168.1.56","52","0x00","443","57683","0","1","0","32","0x0012","0","1","0","0","1","0","0","65535","0xc8aa","0","1360"
"4","20",,"0x0000","0x40","0","1","0","0","232","6","0xb39f","52.30.233.29","192.168.1.56","60","0x00","443","57685","0","1","0","40","0x0012","0","1","0","0","1","0","0","26847","0xc8b7","0","1360"
"4","20",,"0x0000","0x40","0","1","0","0","64","6","0x8de0","192.168.1.56","52.48.182.199","64","0x00","57686","443","0","0","0","44","0x0002","0","1","0","0","0","0","0","65535","0xdde4","0","1460"
"4","20",,"0x0000","0x40","0","1","0","0","64","6","0xa541","192.168.1.56","54.184.156.222","64","0x00","57687","443","0","0","0","44","0x0002","0","1","0","0","0","0","0","65535","0xb867","0","1460"
"4","20",,"0x0000","0x40","0","1","0","0","229","6","0x0045","54.184.156.222","192.168.1.56","60","0x00","443","57684","0","1","0","40","0x0012","0","1","0","0","1","0","0","26847","0x26d6","0","1360"
"4","20",,"0x0000","0x40","0","1","0","0","231","6","0xe6e3","52.48.182.199","192.168.1.56","60","0x00","443","57686","0","1","0","40","0x0012","0","1","0","0","1","0","0","26847","0x1201","0","1360"
"4","20",,"0x0000","0x40","0","1","0","0","64","6","0x16d8","192.168.1.56","157.240.196.15","64","0x00","57688","443","0","0","0","44","0x0002","0","1","0","0","0","0","0","65535","0x9447","0","1460"
"4","20",,"0x0000","0x40","0","1","0","0","84","6","0x02dc","157.240.196.15","192.168.1.56","60","0x00","443","57688","0","1","0","40","0x0012","0","1","0","0","1","0","0","65535","0x7216","0","1360"
"4","20",,"0x0000","0x40","0","1","0","0","64","6","0xde42","192.168.1.56","130.211.23.194","64","0x00","57689","443","0","0","0","44","0x0002","0","1","0","0","0","0","0","65535","0xc74f","0","1460"
"4","20",,"0x0000","0x40","0","1","0","0","64","6","0x70ba","192.168.1.56","13.225.250.60","64","0x00","57690","443","0","0","0","44","0x0002","0","1","0","0","0","0","0","65535","0x1ad1","0","1460"
"4","20",,"0xe4dd","0x00","0","0","0","0","117","6","0x0469","130.211.23.194","192.168.1.56","60","0x00","443","57689","0","1","0","40","0x0012","0","1","0","0","1","0","0","65535","0xaf91","0","1360"
"4","20",,"0x09ac","0x00","0","0","0","0","237","6","0xfa11","13.225.250.60","192.168.1.56","60","0x00","443","57690","0","1","0","40","0x0012","0","1","0","0","1","0","0","65535","0xcc02","0","1360"
"4","20",,"0x0000","0x40","0","1","0","0","228","6","0x0145","54.184.156.222","192.168.1.56","60","0x00","443","57687","0","1","0","40","0x0012","0","1","0","0","1","0","0","26847","0x68a2","0","1360"
"4","20",,"0x0000","0x40","0","1","0","0","64","6","0x20ba","192.168.1.56","142.250.201.35","64","0x00","57691","80","0","0","0","44","0x0002","0","1","0","0","0","0","0","65535","0x8eab","0","1460"
"4","20",,"0x0000","0x40","0","1","0","0","64","6","0x20ba","192.168.1.56","142.250.201.35","64","0x00","57692","80","0","0","0","44","0x0002","0","1","0","0","0","0","0","65535","0xde94","0","1460"
"4","20",,"0x8e64","0x00","0","0","0","0","116","6","0x9e59","142.250.201.35","192.168.1.56","60","0x00","80","57691","0","1","0","40","0x0012","0","1","0","0","1","0","0","65535","0x57cc","0","1360"
"4","20",,"0x2043","0x00","0","0","0","0","117","6","0x0b7b","142.250.201.35","192.168.1.56","60","0x00","80","57692","0","1","0","40","0x0012","0","1","0","0","1","0","0","65535","0x05c7","0","1360"
"4","20",,"0x0000","0x40","0","1","0","0","64","6","0xc41a","192.168.1.56","142.251.37.194","64","0x00","57693","443","0","0","0","44","0x0002","0","1","0","0","0","0","0","65535","0x1c1e","0","1460"
"4","20",,"0x0000","0x40","0","1","0","0","64","6","0x20dc","192.168.1.56","142.250.201.1","64","0x00","57698","443","0","0","0","44","0x0002","0","1","0","0","0","0","0","65535","0xaa54","0","1460"
"4","20",,"0x95d0","0x00","0","0","0","0","115","6","0x3b4e","142.251.37.194","192.168.1.56","60","0x00","443","57693","0","1","0","40","0x0012","0","1","0","0","1","0","0","65535","0xa339","0","1360"
"4","20",,"0x9f34","0x00","0","0","0","0","116","6","0x8dab","142.250.201.1","192.168.1.56","60","0x00","443","57698","0","1","0","40","0x0012","0","1","0","0","1","0","0","65535","0xc03e","0","1360"
"4","20",,"0x0000","0x40","0","1","0","0","64","6","0x06c5","192.168.1.56","141.226.228.48","64","0x00","57699","443","0","0","0","44","0x0002","0","1","0","0","0","0","0","65535","0x06fe","0","1460"
"4","20",,"0x0000","0x40","0","1","0","0","51","6","0x13c9","141.226.228.48","192.168.1.56","52","0x08","443","57699","0","1","0","32","0x0012","0","1","0","0","1","0","0","29200","0x9dcb","0","1360"
"4","20",,"0x0000","0x40","0","1","0","0","64","6","0x70ba","192.168.1.56","13.225.250.60","64","0x00","57700","443","0","0","0","44","0x0002","0","1","0","0","0","0","0","65535","0xdbd7","0","1460"
"4","20",,"0x0000","0x40","0","1","0","0","64","6","0xe1d9","192.168.1.56","54.194.96.60","64","0x00","57701","443","0","0","0","44","0x0002","0","1","0","0","0","0","0","65535","0xbde7","0","1460"
"4","20",,"0x0000","0x40","0","1","0","0","64","6","0x863f","192.168.1.56","147.75.95.77","64","0x00","57702","443","0","0","0","44","0x0002","0","1","0","0","0","0","0","65535","0x60e8","0","1460"
"4","20",,"0x468f","0x00","0","0","0","0","239","6","0xbb2e","13.225.250.60","192.168.1.56","60","0x00","443","57700","0","1","0","40","0x0012","0","1","0","0","1","0","0","65535","0x1e7c","0","1360"
"4","20",,"0x0000","0x40","0","1","0","0","222","6","0x43dd","54.194.96.60","192.168.1.56","60","0x00","443","57701","0","1","0","40","0x0012","0","1","0","0","1","0","0","26847","0xfdf4","0","1360"
"4","20",,"0x0000","0x40","0","1","0","0","64","6","0x16c4","192.168.1.56","157.240.196.35","64","0x00","57703","443","0","0","0","44","0x0002","0","1","0","0","0","0","0","65535","0x7406","0","1460"
"4","20",,"0x0000","0x40","0","1","0","0","84","6","0x02c8","157.240.196.35","192.168.1.56","60","0x00","443","57703","0","1","0","40","0x0012","0","1","0","0","1","0","0","65535","0x7f05","0","1360"
"4","20",,"0x0000","0x40","0","1","0","0","64","6","0x863f","192.168.1.56","147.75.95.77","64","0x00","57704","443","0","0","0","44","0x0002","0","1","0","0","0","0","0","65535","0x53be","0","1460"
"4","20",,"0x0000","0x40","0","1","0","0","49","6","0x9523","147.75.95.77","192.168.1.56","60","0x20","443","57702","0","1","0","40","0x0012","0","1","0","0","1","0","0","43440","0x8aab","0","1360"
"4","20",,"0x0000","0x40","0","1","0","0","64","6","0xa65b","192.168.1.56","23.50.187.74","64","0x00","57705","443","0","0","0","44","0x0002","0","1","0","0","0","0","0","65535","0xaab0","0","1460"
"4","20",,"0x0000","0x40","0","1","0","0","64","6","0xa65b","192.168.1.56","23.50.187.74","64","0x00","57706","443","0","0","0","44","0x0002","0","1","0","0","0","0","0","65535","0x7012","0","1460"
"4","20",,"0x0000","0x40","0","1","0","0","64","6","0xa65b","192.168.1.56","23.50.187.74","64","0x00","57707","443","0","0","0","44","0x0002","0","1","0","0","0","0","0","65535","0xe564","0","1460"
"4","20",,"0x0000","0x40","0","1","0","0","64","6","0xa65b","192.168.1.56","23.50.187.74","64","0x00","57708","443","0","0","0","44","0x0002","0","1","0","0","0","0","0","65535","0x4823","0","1460"
"4","20",,"0x0000","0x40","0","1","0","0","55","6","0xaf5f","23.50.187.74","192.168.1.56","60","0x00","443","57705","0","1","0","40","0x0012","0","1","0","0","1","0","0","65160","0x70ca","0","1360"
"4","20",,"0x0000","0x40","0","1","0","0","64","6","0x211c","192.168.1.56","142.250.200.193","64","0x00","57709","443","0","0","0","44","0x0002","0","1","0","0","0","0","0","65535","0x7a3f","0","1460"
"4","20",,"0x0000","0x40","0","1","0","0","55","6","0xaf5f","23.50.187.74","192.168.1.56","60","0x00","443","57706","0","1","0","40","0x0012","0","1","0","0","1","0","0","65160","0xbccb","0","1360"
"4","20",,"0x0000","0x40","0","1","0","0","64","6","0xa65b","192.168.1.56","23.50.187.74","64","0x00","57710","443","0","0","0","44","0x0002","0","1","0","0","0","0","0","65535","0x2563","0","1460"
"4","20",,"0x0000","0x40","0","1","0","0","55","6","0xaf5f","23.50.187.74","192.168.1.56","60","0x00","443","57707","0","1","0","40","0x0012","0","1","0","0","1","0","0","65160","0xb1a4","0","1360"
"4","20",,"0x0000","0x40","0","1","0","0","56","6","0xae5f","23.50.187.74","192.168.1.56","60","0x00","443","57708","0","1","0","40","0x0012","0","1","0","0","1","0","0","65160","0xbdec","0","1360"
"4","20",,"0x0000","0x40","0","1","0","0","64","6","0x4b2b","192.168.1.56","95.100.206.72","64","0x00","57711","443","0","0","0","44","0x0002","0","1","0","0","0","0","0","65535","0x79ac","0","1460"
"4","20",,"0x0000","0x40","0","1","0","0","60","6","0x4f2f","95.100.206.72","192.168.1.56","60","0x00","443","57711","0","1","0","40","0x0012","0","1","0","0","1","0","0","65160","0xf3dd","0","1360"
"4","20",,"0x0000","0x40","0","1","0","0","54","6","0xb05f","23.50.187.74","192.168.1.56","60","0x00","443","57710","0","1","0","40","0x0012","0","1","0","0","1","0","0","65160","0x9c4e","0","1360"
"4","20",,"0x851d","0x00","0","0","0","0","117","6","0xa702","142.250.200.193","192.168.1.56","60","0x00","443","57709","0","1","0","40","0x0012","0","1","0","0","1","0","0","65535","0x14d3","0","1360"
"4","20",,"0x0000","0x40","0","1","0","0","60","6","0x4f2f","95.100.206.72","192.168.1.56","60","0x00","443","57711","0","1","0","40","0x0012","0","1","0","0","1","0","0","65160","0xf3cd","0","1360"
"4","20",,"0x0000","0x40","0","1","0","0","50","6","0x9423","147.75.95.77","192.168.1.56","60","0x20","443","57704","0","1","0","40","0x0012","0","1","0","0","1","0","0","43440","0xec14","0","1360"
"4","20",,"0x0000","0x40","0","1","0","0","64","6","0xa65b","192.168.1.56","23.50.187.74","64","0x00","57712","443","0","0","0","44","0x0002","0","1","0","0","0","0","0","65535","0xe308","0","1460"
"4","20",,"0x0000","0x40","0","1","0","0","64","6","0x9e3d","192.168.1.56","185.106.33.48","64","0x00","57713","443","0","0","0","44","0x0002","0","1","0","0","0","0","0","65535","0xb078","0","1460"
"4","20",,"0x0000","0x40","0","1","0","0","64","6","0x9e3d","192.168.1.56","185.106.33.48","64","0x00","57714","443","0","0","0","44","0x0002","0","1","0","0","0","0","0","65535","0x5024","0","1460"
"4","20",,"0x0000","0x40","0","1","0","0","64","6","0x9e3d","192.168.1.56","185.106.33.48","64","0x00","57715","443","0","0","0","44","0x0002","0","1","0","0","0","0","0","65535","0x774d","0","1460"
"4","20",,"0x0000","0x40","0","1","0","0","55","6","0xaf5f","23.50.187.74","192.168.1.56","60","0x00","443","57712","0","1","0","40","0x0012","0","1","0","0","1","0","0","65160","0x4d24","0","1360"
"4","20",,"0x0000","0x40","0","1","0","0","55","6","0xa749","185.106.33.48","192.168.1.56","52","0x00","443","57713","0","1","0","32","0x0012","0","1","0","0","1","0","0","29200","0xb127","0","1360"
"4","20",,"0x0000","0x40","0","1","0","0","55","6","0xa749","185.106.33.48","192.168.1.56","52","0x00","443","57715","0","1","0","32","0x0012","0","1","0","0","1","0","0","29200","0x81b9","0","1360"
"4","20",,"0x0000","0x40","0","1","0","0","54","6","0xa849","185.106.33.48","192.168.1.56","52","0x00","443","57714","0","1","0","32","0x0012","0","1","0","0","1","0","0","29200","0x5014","0","1360"
"4","20",,"0x0000","0x40","0","1","0","0","64","6","0x9e3d","192.168.1.56","185.106.33.48","64","0x00","57716","443","0","0","0","44","0x0002","0","1","0","0","0","0","0","65535","0xcb15","0","1460"
"4","20",,"0x0000","0x40","0","1","0","0","64","6","0x9e3d","192.168.1.56","185.106.33.48","64","0x00","57717","443","0","0","0","44","0x0002","0","1","0","0","0","0","0","65535","0x7748","0","1460"
"4","20",,"0x0000","0x40","0","1","0","0","55","6","0xa749","185.106.33.48","192.168.1.56","52","0x00","443","57716","0","1","0","32","0x0012","0","1","0","0","1","0","0","29200","0x5c85","0","1360"
"4","20",,"0x0000","0x40","0","1","0","0","55","6","0xa749","185.106.33.48","192.168.1.56","52","0x00","443","57717","0","1","0","32","0x0012","0","1","0","0","1","0","0","29200","0xe1a4","0","1360"
"4","20",,"0x0000","0x40","0","1","0","0","64","6","0x4b2b","192.168.1.56","95.100.206.72","64","0x00","57722","443","0","0","0","44","0x0002","0","1","0","0","0","0","0","65535","0x4d12","0","1460"
"4","20",,"0x0000","0x40","0","1","0","0","64","6","0x4b2b","192.168.1.56","95.100.206.72","64","0x00","57723","443","0","0","0","44","0x0002","0","1","0","0","0","0","0","65535","0x35be","0","1460"
"4","20",,"0x0000","0x40","0","1","0","0","60","6","0x4f2f","95.100.206.72","192.168.1.56","60","0x00","443","57722","0","1","0","40","0x0012","0","1","0","0","1","0","0","65160","0x4d1c","0","1360"
"4","20",,"0x0000","0x40","0","1","0","0","60","6","0x4f2f","95.100.206.72","192.168.1.56","60","0x00","443","57723","0","1","0","40","0x0012","0","1","0","0","1","0","0","65160","0x33e1","0","1360"
"4","20",,"0x0000","0x40","0","1","0","0","64","6","0xa65b","192.168.1.56","23.50.187.74","64","0x00","57724","443","0","0","0","44","0x0002","0","1","0","0","0","0","0","65535","0x3fba","0","1460"
"4","20",,"0x0000","0x40","0","1","0","0","64","6","0x06c5","192.168.1.56","141.226.228.48","64","0x00","57725","443","0","0","0","44","0x0002","0","1","0","0","0","0","0","65535","0x43e5","0","1460"
"4","20",,"0x0000","0x40","0","1","0","0","60","6","0x4f2f","95.100.206.72","192.168.1.56","60","0x00","443","57722","0","1","0","40","0x0012","0","1","0","0","1","0","0","65160","0x4d0c","0","1360"
"4","20",,"0x0000","0x40","0","1","0","0","60","6","0x4f2f","95.100.206.72","192.168.1.56","60","0x00","443","57723","0","1","0","40","0x0012","0","1","0","0","1","0","0","65160","0x33d1","0","1360"
"4","20",,"0x0000","0x40","0","1","0","0","64","6","0x4b2b","192.168.1.56","95.100.206.72","64","0x00","57726","443","0","0","0","44","0x0002","0","1","0","0","0","0","0","65535","0x5821","0","1460"
"4","20",,"0x0000","0x40","0","1","0","0","60","6","0x4f2f","95.100.206.72","192.168.1.56","60","0x00","443","57726","0","1","0","40","0x0012","0","1","0","0","1","0","0","65160","0xddca","0","1360"
"4","20",,"0x0000","0x40","0","1","0","0","55","6","0xaf5f","23.50.187.74","192.168.1.56","60","0x00","443","57724","0","1","0","40","0x0012","0","1","0","0","1","0","0","65160","0x9e78","0","1360"
"4","20",,"0x0000","0x40","0","1","0","0","60","6","0x4f2f","95.100.206.72","192.168.1.56","60","0x00","443","57726","0","1","0","40","0x0012","0","1","0","0","1","0","0","65160","0xddb9","0","1360"
"4","20",,"0x0000","0x40","0","1","0","0","50","6","0x14c9","141.226.228.48","192.168.1.56","52","0x08","443","57725","0","1","0","32","0x0012","0","1","0","0","1","0","0","29200","0x49f2","0","1360"
"4","20",,"0x0000","0x40","0","1","0","0","64","6","0x863f","192.168.1.56","147.75.95.77","64","0x00","57727","443","0","0","0","44","0x0002","0","1","0","0","0","0","0","65535","0xe689","0","1460"
"4","20",,"0x0000","0x40","0","1","0","0","64","6","0x863f","192.168.1.56","147.75.95.77","64","0x00","57728","443","0","0","0","44","0x0002","0","1","0","0","0","0","0","65535","0x2130","0","1460"
"4","20",,"0x0000","0x40","0","1","0","0","48","6","0x9623","147.75.95.77","192.168.1.56","60","0x20","443","57727","0","1","0","40","0x0012","0","1","0","0","1","0","0","43440","0x6e0a","0","1360"
"4","20",,"0x0000","0x40","0","1","0","0","48","6","0x9623","147.75.95.77","192.168.1.56","60","0x20","443","57728","0","1","0","40","0x0012","0","1","0","0","1","0","0","43440","0x8ee1","0","1360"
"4","20",,"0x0000","0x40","0","1","0","0","64","6","0x67bf","192.168.1.56","34.238.238.42","64","0x00","57729","443","0","0","0","44","0x0002","0","1","0","0","0","0","0","65535","0x5b57","0","1460"
"4","20",,"0x0000","0x40","0","1","0","0","64","6","0xa739","192.168.1.56","15.197.193.217","64","0x00","57730","443","0","0","0","44","0x0002","0","1","0","0","0","0","0","65535","0xe15c","0","1460"
"4","20",,"0x0000","0x40","0","1","0","0","64","6","0x0afb","192.168.1.56","185.94.180.126","64","0x00","57731","443","0","0","0","44","0x0002","0","1","0","0","0","0","0","65535","0xd4d1","0","1460"
"4","20",,"0x0000","0x40","0","1","0","0","64","6","0x7601","192.168.1.56","18.197.240.17","64","0x00","57732","443","0","0","0","44","0x0002","0","1","0","0","0","0","0","65535","0xbc85","0","1460"
"4","20",,"0x0000","0x40","0","1","0","0","64","6","0xd236","192.168.1.56","91.228.74.189","64","0x00","57733","443","0","0","0","44","0x0002","0","1","0","0","0","0","0","65535","0x5c89","0","1460"
"4","20",,"0x0000","0x40","0","1","0","0","240","6","0xf73c","15.197.193.217","192.168.1.56","60","0x00","443","57730","0","1","0","40","0x0012","0","1","0","0","1","0","0","65535","0x05d1","0","1360"
"4","20",,"0x0000","0x40","0","1","0","0","55","6","0xa749","185.106.33.48","192.168.1.56","52","0x00","443","57717","0","1","0","32","0x0012","0","1","0","0","1","0","0","29200","0xe1a4","0","1360"
"4","20",,"0x0000","0x40","0","1","0","0","241","6","0xc504","18.197.240.17","192.168.1.56","60","0x00","443","57732","0","1","0","40","0x0012","0","1","0","0","1","0","0","26847","0x3c93","0","1360"
"4","20",,"0x9bd2","0x40","0","1","0","0","246","6","0xb92b","185.94.180.126","192.168.1.56","60","0x00","443","57731","0","1","0","40","0x0012","0","1","0","0","1","0","0","13600","0x5b00","0","1360"
"4","20",,"0x0000","0x40","0","1","0","0","50","6","0xe03a","91.228.74.189","192.168.1.56","60","0x00","443","57733","0","1","0","40","0x0012","0","1","0","0","1","0","0","8192","0x9c7c","0","1360"
"4","20",,"0x0000","0x40","0","1","0","0","234","6","0xbdc2","34.238.238.42","192.168.1.56","60","0x00","443","57729","0","1","0","40","0x0012","0","1","0","0","1","0","0","26847","0xdbe3","0","1360"
"4","20",,"0x0000","0x40","0","1","0","0","64","6","0x7601","192.168.1.56","18.197.240.17","64","0x00","57738","443","0","0","0","44","0x0002","0","1","0","0","0","0","0","65535","0xa1c7","0","1460"
"4","20",,"0x0000","0x40","0","1","0","0","64","6","0x0afb","192.168.1.56","185.94.180.126","64","0x00","57739","443","0","0","0","44","0x0002","0","1","0","0","0","0","0","65535","0xd0f5","0","1460"
"4","20",,"0x0000","0x40","0","1","0","0","64","6","0x6684","192.168.1.56","13.226.4.114","64","0x00","57740","80","0","0","0","44","0x0002","0","1","0","0","0","0","0","65535","0xf50d","0","1460"
"4","20",,"0x0000","0x40","0","1","0","0","64","6","0xc94d","192.168.1.56","65.9.110.129","64","0x00","57741","80","0","0","0","44","0x0002","0","1","0","0","0","0","0","65535","0xd2e2","0","1460"
"4","20",,"0x0000","0x40","0","1","0","0","64","6","0x85f1","192.168.1.56","35.205.207.25","64","0x00","57742","443","0","0","0","44","0x0002","0","1","0","0","0","0","0","65535","0x2ff7","0","1460"
"4","20",,"0x0000","0x40","0","1","0","0","64","6","0x5fc3","192.168.1.56","199.232.81.44","64","0x00","57743","443","0","0","0","44","0x0002","0","1","0","0","0","0","0","65535","0xed16","0","1460"
"4","20",,"0xbbe0","0x00","0","0","0","0","238","6","0x3ca7","13.226.4.114","192.168.1.56","60","0x00","80","57740","0","1","0","40","0x0012","0","1","0","0","1","0","0","65535","0xb493","0","1360"
"4","20",,"0xa72d","0x00","0","0","0","0","238","6","0xb423","65.9.110.129","192.168.1.56","60","0x00","80","57741","0","1","0","40","0x0012","0","1","0","0","1","0","0","65535","0xf722","0","1360"
"4","20",,"0x0000","0x40","0","1","0","0","241","6","0xc504","18.197.240.17","192.168.1.56","60","0x00","443","57738","0","1","0","40","0x0012","0","1","0","0","1","0","0","26847","0xe709","0","1360"
"4","20",,"0x0000","0x40","0","1","0","0","56","6","0x67c7","199.232.81.44","192.168.1.56","60","0x00","443","57743","0","1","0","40","0x0012","0","1","0","0","1","0","0","65535","0x8981","0","1360"
"4","20",,"0x6090","0x40","0","1","0","0","246","6","0xf46d","185.94.180.126","192.168.1.56","60","0x00","443","57739","0","1","0","40","0x0012","0","1","0","0","1","0","0","13600","0xa40d","0","1360"
"4","20",,"0x0000","0x40","0","1","0","0","52","6","0x91f5","35.205.207.25","192.168.1.56","60","0x00","443","57742","0","1","0","40","0x0012","0","1","0","0","1","0","0","43648","0xdbb0","0","1360"
"4","20",,"0x0000","0x40","0","1","0","0","64","6","0xa1b8","192.168.1.56","23.50.191.237","64","0x00","57744","443","0","0","0","44","0x0002","0","1","0","0","0","0","0","65535","0x49f0","0","1460"
"4","20",,"0x0000","0x40","0","1","0","0","64","6","0x9054","192.168.1.56","64.233.167.154","64","0x00","57745","443","0","0","0","44","0x0002","0","1","0","0","0","0","0","65535","0x9259","0","1460"
"4","20",,"0x0000","0x40","0","1","0","0","56","6","0xa9bc","23.50.191.237","192.168.1.56","60","0x00","443","57744","0","1","0","40","0x0012","0","1","0","0","1","0","0","65160","0x80fd","0","1360"
"4","20",,"0x91de","0x00","0","0","0","0","117","6","0x097a","64.233.167.154","192.168.1.56","60","0x00","443","57745","0","1","0","40","0x0012","0","1","0","0","1","0","0","65535","0x652b","0","1360"
"4","20",,"0x0000","0x40","0","1","0","0","64","6","0x37f0","192.168.1.56","104.79.216.152","64","0x00","57746","443","0","0","0","44","0x0002","0","1","0","0","0","0","0","65535","0x276e","0","1460"
"4","20",,"0x0000","0x40","0","1","0","0","59","6","0x3cf4","104.79.216.152","192.168.1.56","60","0x00","443","57746","0","1","0","40","0x0012","0","1","0","0","1","0","0","65160","0x9df4","0","1360"
"4","20",,"0x0000","0x40","0","1","0","0","64","6","0xa29f","192.168.1.56","69.173.144.139","64","0x00","57747","443","0","0","0","44","0x0002","0","1","0","0","0","0","0","65535","0xfd88","0","1460"
"4","20",,"0x0000","0x40","0","1","0","0","117","6","0x6da3","69.173.144.139","192.168.1.56","60","0x00","443","57747","0","1","0","40","0x0012","0","1","0","0","1","0","0","14600","0x03f2","0","1360"
"4","20",,"0x0000","0x40","0","1","0","0","64","6","0xa29f","192.168.1.56","69.173.144.139","64","0x00","57748","443","0","0","0","44","0x0002","0","1","0","0","0","0","0","65535","0x7fc9","0","1460"
"4","20",,"0x0000","0x40","0","1","0","0","64","6","0xb6c5","192.168.1.56","185.184.8.90","64","0x00","57749","443","0","0","0","44","0x0002","0","1","0","0","0","0","0","65535","0x0e99","0","1460"
"4","20",,"0x0000","0x40","0","1","0","0","64","6","0x3cd1","192.168.1.56","3.126.56.137","64","0x00","57750","443","0","0","0","44","0x0002","0","1","0","0","0","0","0","65535","0x656b","0","1460"
"4","20",,"0x0000","0x40","0","1","0","0","64","6","0xa29f","192.168.1.56","69.173.144.139","64","0x00","57751","443","0","0","0","44","0x0002","0","1","0","0","0","0","0","65535","0xe75b","0","1460"
"4","20",,"0x0000","0x40","0","1","0","0","115","6","0x6fa3","69.173.144.139","192.168.1.56","60","0x00","443","57748","0","1","0","40","0x0012","0","1","0","0","1","0","0","14600","0x2dfb","0","1360"
"4","20",,"0x0000","0x40","0","1","0","0","54","6","0xc0c9","185.184.8.90","192.168.1.56","60","0x00","443","57749","0","1","0","40","0x0012","0","1","0","0","1","0","0","65160","0x90aa","0","1360"
"4","20",,"0x0000","0x40","0","1","0","0","44","6","0x50d5","3.126.56.137","192.168.1.56","60","0x00","443","57750","0","1","0","40","0x0012","0","1","0","0","1","0","0","26847","0xf06f","0","1360"
"4","20",,"0x0000","0x40","0","1","0","0","115","6","0x6fa3","69.173.144.139","192.168.1.56","60","0x00","443","57751","0","1","0","40","0x0012","0","1","0","0","1","0","0","14600","0x792b","0","1360"
"4","20",,"0x0000","0x40","0","1","0","0","64","6","0xb22c","192.168.1.56","3.233.194.194","64","0x00","57756","443","0","0","0","44","0x0002","0","1","0","0","0","0","0","65535","0x71b0","0","1460"
"4","20",,"0x0000","0x40","0","1","0","0","64","6","0x3ac9","192.168.1.56","185.29.132.241","64","0x00","57757","443","0","0","0","44","0x0002","0","1","0","0","0","0","0","65535","0x91e2","0","1460"
"4","20",,"0x0000","0x40","0","1","0","0","64","6","0xe25d","192.168.1.56","185.33.221.88","64","0x00","57758","443","0","0","0","44","0x0002","0","1","0","0","0","0","0","65535","0xa6b0","0","1460"
"4","20",,"0x0000","0x40","0","1","0","0","64","6","0xa2a0","192.168.1.56","69.173.144.138","64","0x00","57759","443","0","0","0","44","0x0002","0","1","0","0","0","0","0","65535","0x014f","0","1460"
"4","20",,"0x0000","0x40","0","1","0","0","64","6","0x96b8","192.168.1.56","198.148.27.139","64","0x00","57760","443","0","0","0","44","0x0002","0","1","0","0","0","0","0","65535","0x87fa","0","1460"
"4","20",,"0x0000","0x40","0","1","0","0","64","6","0x2465","192.168.1.56","104.79.236.35","64","0x00","57761","443","0","0","0","44","0x0002","0","1","0","0","0","0","0","65535","0x7973","0","1460"
"4","20",,"0x0000","0x40","0","1","0","0","64","6","0xf86a","192.168.1.56","104.22.24.87","64","0x00","57762","443","0","0","0","44","0x0002","0","1","0","0","0","0","0","65535","0x0793","0","1460"
"4","20",,"0x0000","0x40","0","1","0","0","64","6","0x62f9","192.168.1.56","18.181.3.42","64","0x00","57763","443","0","0","0","44","0x0002","0","1","0","0","0","0","0","65535","0x588b","0","1460"
"4","20",,"0x0000","0x40","0","1","0","0","64","6","0x57f9","192.168.1.56","64.19.224.203","64","0x00","57764","443","0","0","0","44","0x0002","0","1","0","0","0","0","0","65535","0x078b","0","1460"
"4","20",,"0x0000","0x40","0","1","0","0","64","6","0x8a68","192.168.1.56","34.200.203.167","64","0x00","57765","443","0","0","0","44","0x0002","0","1","0","0","0","0","0","65535","0x31b8","0","1460"
"4","20",,"0x0000","0x40","0","1","0","0","64","6","0x9eba","192.168.1.56","67.199.150.86","64","0x00","57766","443","0","0","0","44","0x0002","0","1","0","0","0","0","0","65535","0x9ed9","0","1460"
"4","20",,"0x0000","0x40","0","1","0","0","64","6","0x6b7c","192.168.1.56","34.111.234.236","64","0x00","57767","443","0","0","0","44","0x0002","0","1","0","0","0","0","0","65535","0x875c","0","1460"
"4","20",,"0x0000","0x40","0","1","0","0","64","6","0x9e85","192.168.1.56","216.52.2.30","64","0x00","57768","443","0","0","0","44","0x0002","0","1","0","0","0","0","0","65535","0xaa5d","0","1460"
"4","20",,"0x0000","0x40","0","1","0","0","64","6","0x42c6","192.168.1.56","47.241.6.33","64","0x00","57769","443","0","0","0","44","0x0002","0","1","0","0","0","0","0","65535","0xbc76","0","1460"
"4","20",,"0x0000","0x40","0","1","0","0","64","6","0xfa2a","192.168.1.56","52.87.74.86","64","0x00","57770","443","0","0","0","44","0x0002","0","1","0","0","0","0","0","65535","0xdfd5","0","1460"
"4","20",,"0x0000","0x40","0","1","0","0","64","6","0xc53a","192.168.1.56","178.250.0.163","64","0x00","57771","443","0","0","0","44","0x0002","0","1","0","0","0","0","0","65535","0x0dad","0","1460"
"4","20",,"0x0000","0x40","0","1","0","0","64","6","0x1339","192.168.1.56","34.98.67.61","64","0x00","57772","443","0","0","0","44","0x0002","0","1","0","0","0","0","0","65535","0x29b0","0","1460"
"4","20",,"0x0000","0x40","0","1","0","0","57","6","0xfeee","104.22.24.87","192.168.1.56","52","0x88","443","57762","0","1","0","32","0x0012","0","1","0","0","1","0","0","65535","0x25bb","0","1360"
"4","20",,"0x0000","0x40","0","1","0","0","64","6","0x3075","192.168.1.56","51.89.21.10","64","0x00","57773","443","0","0","0","44","0x0002","0","1","0","0","0","0","0","65535","0x7b50","0","1460"
"4","20",,"0x0000","0x40","0","1","0","0","59","6","0x2969","104.79.236.35","192.168.1.56","60","0x00","443","57761","0","1","0","40","0x0012","0","1","0","0","1","0","0","65160","0x2fab","0","1360"
"4","20",,"0x0000","0x40","0","1","0","0","64","6","0xd5d1","192.168.1.56","139.162.23.100","64","0x00","57774","443","0","0","0","44","0x0002","0","1","0","0","0","0","0","65535","0x22f1","0","1460"
"4","20",,"0x0000","0x40","0","1","0","0","64","6","0x0259","192.168.1.56","52.59.66.68","64","0x00","57775","443","0","0","0","44","0x0002","0","1","0","0","0","0","0","65535","0x6fbd","0","1460"
"4","20",,"0x0000","0x40","0","1","0","0","64","6","0x40cc","192.168.1.56","18.139.37.129","64","0x00","57776","443","0","0","0","44","0x0002","0","1","0","0","0","0","0","65535","0xacdb","0","1460"
"4","20",,"0x0000","0x40","0","1","0","0","64","6","0xbce6","192.168.1.56","76.223.111.18","64","0x00","57777","443","0","0","0","44","0x0002","0","1","0","0","0","0","0","65535","0xcd79","0","1460"
"4","20",,"0x0000","0x40","0","1","0","0","64","6","0x9725","192.168.1.56","192.132.33.46","64","0x00","57778","443","0","0","0","44","0x0002","0","1","0","0","0","0","0","65535","0x8fda","0","1460"
"4","20",,"0x0000","0x40","0","1","0","0","64","6","0xb22c","192.168.1.56","3.233.194.194","64","0x00","57779","443","0","0","0","44","0x0002","0","1","0","0","0","0","0","65535","0x47f2","0","1460"
"4","20",,"0x0000","0x40","0","1","0","0","64","6","0x3ac9","192.168.1.56","185.29.132.241","64","0x00","57780","443","0","0","0","44","0x0002","0","1","0","0","0","0","0","65535","0xb06e","0","1460"
"4","20",,"0x0000","0x40","0","1","0","0","64","6","0xe25d","192.168.1.56","185.33.221.88","64","0x00","57781","443","0","0","0","44","0x0002","0","1","0","0","0","0","0","65535","0xba5d","0","1460"
"4","20",,"0x0000","0x40","0","1","0","0","64","6","0xa2a0","192.168.1.56","69.173.144.138","64","0x00","57782","443","0","0","0","44","0x0002","0","1","0","0","0","0","0","65535","0xafe4","0","1460"
"4","20",,"0x0000","0x40","0","1","0","0","49","6","0x49cd","185.29.132.241","192.168.1.56","60","0x00","443","57757","0","1","0","40","0x0012","0","1","0","0","1","0","0","65160","0x6931","0","1360"
"4","20",,"0x0000","0x40","0","1","0","0","116","6","0x6ea4","69.173.144.138","192.168.1.56","60","0x00","443","57759","0","1","0","40","0x0012","0","1","0","0","1","0","0","14600","0xdab4","0","1360"
"4","20",,"0x0000","0x40","0","1","0","0","64","6","0x96b8","192.168.1.56","198.148.27.139","64","0x00","57783","443","0","0","0","44","0x0002","0","1","0","0","0","0","0","65535","0x619d","0","1460"
"4","20",,"0x0000","0x40","0","1","0","0","64","6","0x1339","192.168.1.56","34.98.67.61","64","0x00","57784","443","0","0","0","44","0x0002","0","1","0","0","0","0","0","65535","0xc24b","0","1460"
"4","20",,"0xad4d","0x00","0","0","0","0","116","6","0xca32","34.111.234.236","192.168.1.56","60","0x00","443","57767","0","1","0","40","0x0012","0","1","0","0","1","0","0","65535","0x5b88","0","1360"
"4","20",,"0x2582","0x00","0","0","0","0","118","6","0xf7ba","34.98.67.61","192.168.1.56","60","0x00","443","57772","0","1","0","40","0x0012","0","1","0","0","1","0","0","65535","0xedfe","0","1360"
"4","20",,"0x0000","0x40","0","1","0","0","49","6","0xf159","185.33.221.88","192.168.1.56","60","0x08","443","57758","0","1","0","40","0x0012","0","1","0","0","1","0","0","43440","0x03ca","0","1360"
"4","20",,"0x0000","0x40","0","1","0","0","64","6","0x62f9","192.168.1.56","18.181.3.42","64","0x00","57785","443","0","0","0","44","0x0002","0","1","0","0","0","0","0","65535","0x60fa","0","1460"
"4","20",,"0x0000","0x40","0","1","0","0","64","6","0x57f9","192.168.1.56","64.19.224.203","64","0x00","57786","443","0","0","0","44","0x0002","0","1","0","0","0","0","0","65535","0x34ad","0","1460"
"4","20",,"0x0000","0x40","0","1","0","0","64","6","0x8a68","192.168.1.56","34.200.203.167","64","0x00","57787","443","0","0","0","44","0x0002","0","1","0","0","0","0","0","65535","0xe1b2","0","1460"
"4","20",,"0x0000","0x40","0","1","0","0","64","6","0x9eba","192.168.1.56","67.199.150.86","64","0x00","57788","443","0","0","0","44","0x0002","0","1","0","0","0","0","0","65535","0xcbe1","0","1460"
"4","20",,"0x0000","0x40","0","1","0","0","64","6","0x9e85","192.168.1.56","216.52.2.30","64","0x00","57789","443","0","0","0","44","0x0002","0","1","0","0","0","0","0","65535","0xda3a","0","1460"
"4","20",,"0x0000","0x40","0","1","0","0","64","6","0x42c6","192.168.1.56","47.241.6.33","64","0x00","57790","443","0","0","0","44","0x0002","0","1","0","0","0","0","0","65535","0x7218","0","1460"
"4","20",,"0x0000","0x40","0","1","0","0","64","6","0xfa2a","192.168.1.56","52.87.74.86","64","0x00","57791","443","0","0","0","44","0x0002","0","1","0","0","0","0","0","65535","0x7906","0","1460"
"4","20",,"0x0000","0x40","0","1","0","0","64","6","0xc53a","192.168.1.56","178.250.0.163","64","0x00","57792","443","0","0","0","44","0x0002","0","1","0","0","0","0","0","65535","0x03f7","0","1460"
"4","20",,"0x0000","0x40","0","1","0","0","64","6","0x3075","192.168.1.56","51.89.21.10","64","0x00","57793","443","0","0","0","44","0x0002","0","1","0","0","0","0","0","65535","0xa3bc","0","1460"
"4","20",,"0x0000","0x40","0","1","0","0","64","6","0xd5d1","192.168.1.56","139.162.23.100","64","0x00","57794","443","0","0","0","44","0x0002","0","1","0","0","0","0","0","65535","0xe366","0","1460"
"4","20",,"0x0000","0x40","0","1","0","0","64","6","0x0259","192.168.1.56","52.59.66.68","64","0x00","57795","443","0","0","0","44","0x0002","0","1","0","0","0","0","0","65535","0x5ef4","0","1460"
"4","20",,"0x0000","0x40","0","1","0","0","64","6","0x40cc","192.168.1.56","18.139.37.129","64","0x00","57796","443","0","0","0","44","0x0002","0","1","0","0","0","0","0","65535","0x876e","0","1460"
"4","20",,"0x0000","0x40","0","1","0","0","64","6","0xbce6","192.168.1.56","76.223.111.18","64","0x00","57797","443","0","0","0","44","0x0002","0","1","0","0","0","0","0","65535","0xab03","0","1460"
"4","20",,"0x0000","0x40","0","1","0","0","47","6","0xd63e","178.250.0.163","192.168.1.56","60","0x00","443","57771","0","1","0","40","0x0012","0","1","0","0","1","0","0","65160","0x8de3","0","1360"
"4","20",,"0x0000","0x40","0","1","0","0","242","6","0x0aea","76.223.111.18","192.168.1.56","60","0x00","443","57777","0","1","0","40","0x0012","0","1","0","0","1","0","0","65535","0xfc1c","0","1360"
"4","20",,"0x0000","0x40","0","1","0","0","52","6","0xaa89","216.52.2.30","192.168.1.56","60","0x00","443","57768","0","1","0","40","0x0012","0","1","0","0","1","0","0","65535","0x1ad1","0","1360"
"4","20",,"0x0000","0x40","0","1","0","0","239","6","0x535c","52.59.66.68","192.168.1.56","60","0x00","443","57775","0","1","0","40","0x0012","0","1","0","0","1","0","0","26847","0x1667","0","1360"
"4","20",,"0x0000","0x40","0","1","0","0","49","6","0x3f79","51.89.21.10","192.168.1.56","60","0x00","443","57773","0","1","0","40","0x0012","0","1","0","0","1","0","0","43440","0x3d6a","0","1360"
"4","20",,"0x0000","0x40","0","1","0","0","64","6","0x0ad5","192.168.1.56","141.226.224.32","64","0x00","57798","443","0","0","0","44","0x0002","0","1","0","0","0","0","0","65535","0xde52","0","1460"
"4","20",,"0x0000","0x40","0","1","0","0","51","6","0x47cd","185.29.132.241","192.168.1.56","60","0x00","443","57780","0","1","0","40","0x0012","0","1","0","0","1","0","0","65160","0x96bf","0","1360"
"4","20",,"0x0000","0x40","0","1","0","0","64","6","0x96b8","192.168.1.56","198.148.27.139","64","0x00","57799","443","0","0","0","44","0x0002","0","1","0","0","0","0","0","65535","0x64a6","0","1460"
"4","20",,"0x0000","0x40","0","1","0","0","117","6","0x6da4","69.173.144.138","192.168.1.56","60","0x00","443","57782","0","1","0","40","0x0012","0","1","0","0","1","0","0","14600","0xca57","0","1360"
"4","20",,"0x59c1","0x00","0","0","0","0","116","6","0xc57b","34.98.67.61","192.168.1.56","60","0x00","443","57784","0","1","0","40","0x0012","0","1","0","0","1","0","0","65535","0xbbd1","0","1360"
"4","20",,"0x0000","0x40","0","1","0","0","49","6","0xf159","185.33.221.88","192.168.1.56","60","0x08","443","57781","0","1","0","40","0x0012","0","1","0","0","1","0","0","43440","0xa5fa","0","1360"
"4","20",,"0x0000","0x40","0","1","0","0","238","6","0x0430","3.233.194.194","192.168.1.56","60","0x00","443","57756","0","1","0","40","0x0012","0","1","0","0","1","0","0","26847","0x4bf9","0","1360"
"4","20",,"0x0000","0x40","0","1","0","0","241","6","0x0bea","76.223.111.18","192.168.1.56","60","0x00","443","57797","0","1","0","40","0x0012","0","1","0","0","1","0","0","65535","0xc56a","0","1360"
"4","20",,"0x0000","0x40","0","1","0","0","50","6","0xa4bc","198.148.27.139","192.168.1.56","60","0x00","443","57760","0","1","0","40","0x0012","0","1","0","0","1","0","0","28960","0xe2b7","0","1360"
"4","20",,"0x0000","0x40","0","1","0","0","49","6","0xd43e","178.250.0.163","192.168.1.56","60","0x00","443","57792","0","1","0","40","0x0012","0","1","0","0","1","0","0","65160","0x9156","0","1360"
"4","20",,"0x0000","0x40","0","1","0","0","238","6","0xdc6b","34.200.203.167","192.168.1.56","60","0x00","443","57765","0","1","0","40","0x0012","0","1","0","0","1","0","0","26847","0xa4d4","0","1360"
"4","20",,"0x0000","0x40","0","1","0","0","238","6","0x545c","52.59.66.68","192.168.1.56","60","0x00","443","57795","0","1","0","40","0x0012","0","1","0","0","1","0","0","26847","0xbfa4","0","1360"
"4","20",,"0x0000","0x40","0","1","0","0","238","6","0x4c2e","52.87.74.86","192.168.1.56","60","0x00","443","57770","0","1","0","40","0x0012","0","1","0","0","1","0","0","26847","0x6e5b","0","1360"
"4","20",,"0x0000","0x40","0","1","0","0","49","6","0x3f79","51.89.21.10","192.168.1.56","60","0x00","443","57793","0","1","0","40","0x0012","0","1","0","0","1","0","0","43440","0xa0a9","0","1360"
"4","20",,"0x0000","0x40","0","1","0","0","52","6","0xaa89","216.52.2.30","192.168.1.56","60","0x00","443","57789","0","1","0","40","0x0012","0","1","0","0","1","0","0","65535","0x446a","0","1360"
"4","20",,"0x0000","0x40","0","1","0","0","112","6","0x6729","192.132.33.46","192.168.1.56","60","0x00","443","57778","0","1","0","40","0x0012","0","1","0","0","1","0","0","14600","0x9483","0","1360"
"4","20",,"0x0000","0x40","0","1","0","0","239","6","0x0330","3.233.194.194","192.168.1.56","60","0x00","443","57779","0","1","0","40","0x0012","0","1","0","0","1","0","0","26847","0x7530","0","1360"
"4","20",,"0x0000","0x40","0","1","0","0","48","6","0x67f5","64.19.224.203","192.168.1.56","60","0x08","443","57764","0","1","0","40","0x0012","0","1","0","0","1","0","0","28960","0x33b9","0","1360"
"4","20",,"0x0000","0x40","0","1","0","0","236","6","0x94cf","18.139.37.129","192.168.1.56","60","0x00","443","57776","0","1","0","40","0x0012","0","1","0","0","1","0","0","26847","0x6888","0","1360"
"4","20",,"0x0000","0x40","0","1","0","0","49","6","0xa5bc","198.148.27.139","192.168.1.56","60","0x00","443","57783","0","1","0","40","0x0012","0","1","0","0","1","0","0","43440","0xd3d4","0","1360"
"4","20",,"0x0000","0x40","0","1","0","0","64","6","0x3f02","192.168.1.56","93.184.220.29","64","0x00","57800","80","0","0","0","44","0x0002","0","1","0","0","0","0","0","65535","0x1e32","0","1460"
"4","20",,"0x0000","0x40","0","1","0","0","64","6","0x3f02","192.168.1.56","93.184.220.29","64","0x00","57801","80","0","0","0","44","0x0002","0","1","0","0","0","0","0","65535","0x3562","0","1460"
"4","20",,"0x0000","0x40","0","1","0","0","232","6","0xe26b","34.200.203.167","192.168.1.56","60","0x00","443","57787","0","1","0","40","0x0012","0","1","0","0","1","0","0","26847","0xb833","0","1360"
"4","20",,"0x0000","0x40","0","1","0","0","238","6","0x4c2e","52.87.74.86","192.168.1.56","60","0x00","443","57791","0","1","0","40","0x0012","0","1","0","0","1","0","0","26847","0xbc72","0","1360"
"4","20",,"0x9dbb","0x40","0","1","0","0","243","6","0x4de2","67.199.150.86","192.168.1.56","60","0x20","443","57766","0","1","0","40","0x0012","0","1","0","0","1","0","0","13600","0x4bca","0","1360"
"4","20",,"0x0000","0x40","0","1","0","0","50","6","0xe3d5","139.162.23.100","192.168.1.56","60","0x00","443","57774","0","1","0","40","0x0012","0","1","0","0","1","0","0","43440","0x0e58","0","1360"
"4","20",,"0x0000","0x40","0","1","0","0","49","6","0x19d9","141.226.224.32","192.168.1.56","60","0x00","443","57798","0","1","0","40","0x0012","0","1","0","0","1","0","0","28960","0x034b","0","1360"
"4","20",,"0x0000","0x40","0","1","0","0","50","6","0xa4bc","198.148.27.139","192.168.1.56","60","0x00","443","57799","0","1","0","40","0x0012","0","1","0","0","1","0","0","43440","0xf316","0","1360"
"4","20",,"0x0000","0x40","0","1","0","0","235","6","0x95cf","18.139.37.129","192.168.1.56","60","0x00","443","57796","0","1","0","40","0x0012","0","1","0","0","1","0","0","26847","0xe261","0","1360"
"4","20",,"0x0000","0x40","0","1","0","0","64","6","0x0ee4","192.168.1.56","107.178.254.65","64","0x00","57802","443","0","0","0","44","0x0002","0","1","0","0","0","0","0","65535","0x6931","0","1460"
"4","20",,"0x0000","0x40","0","1","0","0","50","6","0x65f5","64.19.224.203","192.168.1.56","60","0x08","443","57786","0","1","0","40","0x0012","0","1","0","0","1","0","0","28960","0x9ef4","0","1360"
"4","20",,"0x02fc","0x00","0","0","0","0","52","6","0x880a","93.184.220.29","192.168.1.56","60","0x00","80","57800","0","1","0","40","0x0012","0","1","0","0","1","0","0","65535","0x6812","0","1360"
"4","20",,"0x02fd","0x00","0","0","0","0","52","6","0x8809","93.184.220.29","192.168.1.56","60","0x00","80","57801","0","1","0","40","0x0012","0","1","0","0","1","0","0","65535","0xafbe","0","1360"
"4","20",,"0x0000","0x40","0","1","0","0","231","6","0xbbfc","18.181.3.42","192.168.1.56","60","0x00","443","57763","0","1","0","40","0x0012","0","1","0","0","1","0","0","26847","0x93bb","0","1360"
"4","20",,"0x0000","0x40","0","1","0","0","51","6","0xe2d5","139.162.23.100","192.168.1.56","60","0x00","443","57794","0","1","0","40","0x0012","0","1","0","0","1","0","0","43440","0xc52b","0","1360"
"4","20",,"0x0000","0x40","0","1","0","0","64","6","0x1456","192.168.1.56","3.121.97.9","64","0x00","57803","443","0","0","0","44","0x0002","0","1","0","0","0","0","0","65535","0x6e9e","0","1460"
"4","20",,"0x0000","0x40","0","1","0","0","48","6","0x52d2","47.241.6.33","192.168.1.56","52","0x00","443","57769","0","1","0","32","0x0012","0","1","0","0","1","0","0","29200","0xaa08","0","1360"
"4","20",,"0x12ce","0x40","0","1","0","0","243","6","0xd8cf","67.199.150.86","192.168.1.56","60","0x20","443","57788","0","1","0","40","0x0012","0","1","0","0","1","0","0","13600","0xe3e7","0","1360"
"4","20",,"0x7e1e","0x00","0","0","0","0","117","6","0x9bc9","107.178.254.65","192.168.1.56","60","0x00","443","57802","0","1","0","40","0x0012","0","1","0","0","1","0","0","65535","0x0b94","0","1360"
"4","20",,"0x0000","0x40","0","1","0","0","232","6","0xbafc","18.181.3.42","192.168.1.56","60","0x00","443","57785","0","1","0","40","0x0012","0","1","0","0","1","0","0","26847","0x174f","0","1360"
"4","20",,"0x0000","0x40","0","1","0","0","64","6","0x0e3d","192.168.1.56","89.207.16.204","64","0x00","57804","443","0","0","0","44","0x0002","0","1","0","0","0","0","0","65535","0x529a","0","1460"
"4","20",,"0x0000","0x40","0","1","0","0","64","6","0x0369","192.168.1.56","146.0.227.110","64","0x00","57805","443","0","0","0","44","0x0002","0","1","0","0","0","0","0","65535","0x4d49","0","1460"
"4","20",,"0x0000","0x40","0","1","0","0","239","6","0x6559","3.121.97.9","192.168.1.56","60","0x00","443","57803","0","1","0","40","0x0012","0","1","0","0","1","0","0","26847","0x63ae","0","1360"
"4","20",,"0x0000","0x40","0","1","0","0","46","6","0x54d2","47.241.6.33","192.168.1.56","52","0x00","443","57790","0","1","0","32","0x0012","0","1","0","0","1","0","0","29200","0x3e8b","0","1360"
"4","20",,"0x0000","0x40","0","1","0","0","51","6","0x1b41","89.207.16.204","192.168.1.56","60","0x00","443","57804","0","1","0","40","0x0012","0","1","0","0","1","0","0","28960","0xf690","0","1360"
"4","20",,"0x0000","0x40","0","1","0","0","46","6","0x156d","146.0.227.110","192.168.1.56","60","0x00","443","57805","0","1","0","40","0x0012","0","1","0","0","1","0","0","28960","0x8b43","0","1360"
"4","20",,"0x0000","0x40","0","1","0","0","64","6","0x9a91","192.168.1.56","108.128.113.198","64","0x00","57806","443","0","0","0","44","0x0002","0","1","0","0","0","0","0","65535","0x1b9d","0","1460"
"4","20",,"0x0000","0x40","0","1","0","0","64","6","0xdb19","192.168.1.56","35.174.122.16","64","0x00","57807","443","0","0","0","44","0x0002","0","1","0","0","0","0","0","65535","0x6788","0","1460"
"4","20",,"0x0000","0x40","0","1","0","0","64","6","0x61de","192.168.1.56","35.186.243.63","64","0x00","57808","443","0","0","0","44","0x0002","0","1","0","0","0","0","0","65535","0xd831","0","1460"
"4","20",,"0x834c","0x00","0","0","0","0","116","6","0xea95","35.186.243.63","192.168.1.56","60","0x00","443","57808","0","1","0","40","0x0012","0","1","0","0","1","0","0","65535","0x4436","0","1360"
"4","20",,"0x0000","0x40","0","1","0","0","231","6","0xf394","108.128.113.198","192.168.1.56","60","0x00","443","57806","0","1","0","40","0x0012","0","1","0","0","1","0","0","26847","0xee88","0","1360"
"4","20",,"0x0000","0x40","0","1","0","0","239","6","0x2c1d","35.174.122.16","192.168.1.56","60","0x00","443","57807","0","1","0","40","0x0012","0","1","0","0","1","0","0","26847","0x7ade","0","1360"
"4","20",,"0x0000","0x40","0","1","0","0","64","6","0xff70","192.168.1.56","35.201.85.158","64","0x00","57809","443","0","0","0","44","0x0002","0","1","0","0","0","0","0","65535","0xc999","0","1460"
"4","20",,"0xc3f3","0x00","0","0","0","0","116","6","0x4781","35.201.85.158","192.168.1.56","60","0x00","443","57809","0","1","0","40","0x0012","0","1","0","0","1","0","0","65535","0x6403","0","1360"
"4","20",,"0x0000","0x40","0","1","0","0","64","6","0xbf42","192.168.1.56","192.124.249.24","64","0x00","57810","80","0","0","0","44","0x0002","0","1","0","0","0","0","0","65535","0x4db8","0","1460"
"4","20",,"0x0000","0x40","0","1","0","0","52","6","0xcb46","192.124.249.24","192.168.1.56","60","0x00","80","57810","0","1","0","40","0x0012","0","1","0","0","1","0","0","43440","0xae07","0","1360"
"4","20",,"0x0000","0x40","0","1","0","0","55","6","0xa749","185.106.33.48","192.168.1.56","52","0x00","443","57717","0","1","0","32","0x0012","0","1","0","0","1","0","0","29200","0xe1a4","0","1360"
"4","20",,"0x0000","0x40","0","1","0","0","64","6","0x179a","192.168.1.56","34.225.62.93","64","0x00","57815","443","0","0","0","44","0x0002","0","1","0","0","0","0","0","65535","0x591a","0","1460"
"4","20",,"0x0000","0x40","0","1","0","0","239","6","0x689d","34.225.62.93","192.168.1.56","60","0x00","443","57815","0","1","0","40","0x0012","0","1","0","0","1","0","0","26847","0xc544","0","1360"
"4","20",,"0x0000","0x40","0","1","0","0","64","6","0x179a","192.168.1.56","34.225.62.93","64","0x00","57816","443","0","0","0","44","0x0002","0","1","0","0","0","0","0","65535","0x3453","0","1460"
"4","20",,"0x0000","0x40","0","1","0","0","239","6","0x689d","34.225.62.93","192.168.1.56","60","0x00","443","57816","0","1","0","40","0x0012","0","1","0","0","1","0","0","26847","0x67c3","0","1360"
"4","20",,"0x0000","0x40","0","1","0","0","64","6","0xa541","192.168.1.56","54.184.156.222","64","0x00","57821","443","0","0","0","44","0x0002","0","1","0","0","0","0","0","65535","0x5681","0","1460"
"4","20",,"0x0000","0x40","0","1","0","0","64","6","0x8de0","192.168.1.56","52.48.182.199","64","0x00","57822","443","0","0","0","44","0x0002","0","1","0","0","0","0","0","65535","0xd321","0","1460"
"4","20",,"0x0000","0x40","0","1","0","0","232","6","0xe5e3","52.48.182.199","192.168.1.56","60","0x00","443","57822","0","1","0","40","0x0012","0","1","0","0","1","0","0","26847","0xd04e","0","1360"
"4","20",,"0x0000","0x40","0","1","0","0","230","6","0xff44","54.184.156.222","192.168.1.56","60","0x00","443","57821","0","1","0","40","0x0012","0","1","0","0","1","0","0","26847","0x51aa","0","1360"
"4","20",,"0x0000","0x40","0","1","0","0","64","6","0x0293","192.168.1.56","104.22.14.47","64","0x00","57823","443","0","0","0","44","0x0002","0","1","0","0","0","0","0","65535","0xc257","0","1460"
"4","20",,"0x0000","0x40","0","1","0","0","54","6","0x0c9f","104.22.14.47","192.168.1.56","52","0x00","443","57823","0","1","0","32","0x0012","0","1","0","0","1","0","0","65535","0x37fd","0","1360"
"4","20",,"0x0000","0x40","0","1","0","0","64","6","0x3eed","192.168.1.56","52.211.5.24","64","0x00","57824","443","0","0","0","44","0x0002","0","1","0","0","0","0","0","65535","0x683f","0","1460"
"4","20",,"0x0000","0x40","0","1","0","0","221","6","0xa1f0","52.211.5.24","192.168.1.56","60","0x00","443","57824","0","1","0","40","0x0012","0","1","0","0","1","0","0","26847","0x498e","0","1360"
"4","20",,"0x0000","0x40","0","1","0","0","64","6","0x2018","192.168.1.56","172.217.171.230","64","0x00","57825","443","0","0","0","44","0x0002","0","1","0","0","0","0","0","65535","0x5f9c","0","1460"
"4","20",,"0xb85d","0x00","0","0","0","0","118","6","0x71be","172.217.171.230","192.168.1.56","60","0x00","443","57825","0","1","0","40","0x0012","0","1","0","0","1","0","0","65535","0x16dc","0","1360"
"4","20",,"0x0000","0x40","0","1","0","0","64","6","0xe281","192.168.1.56","99.81.51.5","64","0x00","57830","443","0","0","0","44","0x0002","0","1","0","0","0","0","0","65535","0x0db3","0","1460"
"4","20",,"0x0000","0x40","0","1","0","0","64","6","0x2c59","192.168.1.56","52.213.23.170","64","0x00","57831","8443","0","0","0","44","0x0002","0","1","0","0","0","0","0","65535","0xe36f","0","1460"
"4","20",,"0x0000","0x40","0","1","0","0","222","6","0x4485","99.81.51.5","192.168.1.56","60","0x00","443","57830","0","1","0","40","0x0012","0","1","0","0","1","0","0","26847","0x8562","0","1360"
"4","20",,"0x0000","0x40","0","1","0","0","230","6","0x865c","52.213.23.170","192.168.1.56","60","0x00","8443","57831","0","1","0","40","0x0012","0","1","0","0","1","0","0","26847","0x96c6","0","1360"
"4","20",,"0x0000","0x40","0","1","0","0","64","6","0x04c1","192.168.1.56","104.18.12.5","64","0x00","57832","443","0","0","0","44","0x0002","0","1","0","0","0","0","0","65535","0x7d02","0","1460"
"4","20",,"0x0000","0x40","0","1","0","0","64","6","0x4c3f","192.168.1.56","37.157.6.252","64","0x00","57833","443","0","0","0","44","0x0002","0","1","0","0","0","0","0","65535","0x8c8a","0","1460"
"4","20",,"0x0000","0x40","0","1","0","0","64","6","0xef55","192.168.1.56","35.212.101.174","64","0x00","57834","443","0","0","0","44","0x0002","0","1","0","0","0","0","0","65535","0xa23a","0","1460"
"4","20",,"0x0000","0x40","0","1","0","0","64","6","0x3b84","192.168.1.56","51.89.9.251","64","0x00","57835","443","0","0","0","44","0x0002","0","1","0","0","0","0","0","65535","0x179e","0","1460"
"4","20",,"0x0000","0x40","0","1","0","0","57","6","0x0b45","104.18.12.5","192.168.1.56","52","0x88","443","57832","0","1","0","32","0x0012","0","1","0","0","1","0","0","65535","0x8a9f","0","1360"
"4","20",,"0x0000","0x40","0","1","0","0","49","6","0x4a88","51.89.9.251","192.168.1.56","60","0x00","443","57835","0","1","0","40","0x0012","0","1","0","0","1","0","0","43440","0x0d41","0","1360"
"4","20",,"0x0000","0x40","0","1","0","0","50","6","0x5a43","37.157.6.252","192.168.1.56","60","0x00","443","57833","0","1","0","40","0x0012","0","1","0","0","1","0","0","65535","0x5085","0","1360"
"4","20",,"0x73fc","0x00","0","0","0","0","54","6","0xc55d","35.212.101.174","192.168.1.56","60","0x00","443","57834","0","1","0","40","0x0012","0","1","0","0","1","0","0","65535","0x90d6","0","1360"
"4","20",,"0x0000","0x40","0","1","0","0","64","6","0xc6d6","192.168.1.56","34.254.143.3","64","0x00","57836","443","0","0","0","44","0x0002","0","1","0","0","0","0","0","65535","0x2ea1","0","1460"
"4","20",,"0x0000","0x40","0","1","0","0","64","6","0x7f81","192.168.1.56","52.211.196.131","64","0x00","57837","443","0","0","0","44","0x0002","0","1","0","0","0","0","0","65535","0x02ae","0","1460"
"4","20",,"0x0000","0x40","0","1","0","0","41","6","0xddea","34.254.143.3","192.168.1.56","44","0x00","443","57836","0","1","0","24","0x0012","0","1","0","0","1","0","0","26883","0xe8d7","0","1360"
"4","20",,"0x0000","0x40","0","1","0","0","222","6","0xe184","52.211.196.131","192.168.1.56","60","0x00","443","57837","0","1","0","40","0x0012","0","1","0","0","1","0","0","26847","0x5bef","0","1360"
"4","20",,"0x0000","0x40","0","1","0","0","64","6","0x4b65","192.168.1.56","142.250.158.120","64","0x00","57838","443","0","0","0","44","0x0002","0","1","0","0","0","0","0","65535","0x08b3","0","1460"
"4","20",,"0x0000","0x40","0","1","0","0","64","6","0x4b65","192.168.1.56","142.250.158.120","64","0x00","57839","443","0","0","0","44","0x0002","0","1","0","0","0","0","0","65535","0x3e71","0","1460"
"4","20",,"0x0000","0x40","0","1","0","0","64","6","0x05ec","192.168.1.56","195.181.175.54","64","0x00","57840","443","0","0","0","44","0x0002","0","1","0","0","0","0","0","65535","0xe01a","0","1460"
"4","20",,"0x0000","0x40","0","1","0","0","54","6","0x0ff0","195.181.175.54","192.168.1.56","60","0x00","443","57840","0","1","0","40","0x0012","0","1","0","0","1","0","0","65160","0x2a74","0","1360"
"4","20",,"0x1078","0x00","0","0","0","0","115","6","0x47f1","142.250.158.120","192.168.1.56","60","0x00","443","57838","0","1","0","40","0x0012","0","1","0","0","1","0","0","65535","0x8620","0","1360"
"4","20",,"0x5fc9","0x00","0","0","0","0","117","6","0xf69f","142.250.158.120","192.168.1.56","60","0x00","443","57839","0","1","0","40","0x0012","0","1","0","0","1","0","0","65535","0xa9bc","0","1360"
"4","20",,"0x0000","0x40","0","1","0","0","64","6","0xfe69","192.168.1.56","104.16.18.94","64","0x00","57841","443","0","0","0","44","0x0002","0","1","0","0","0","0","0","65535","0xd702","0","1460"
"4","20",,"0x0000","0x40","0","1","0","0","57","6","0x04ee","104.16.18.94","192.168.1.56","52","0x88","443","57841","0","1","0","32","0x0012","0","1","0","0","1","0","0","65535","0x6143","0","1360"
"4","20",,"0x0000","0x40","0","1","0","0","64","6","0xf2b5","192.168.1.56","99.80.34.210","64","0x00","57846","443","0","0","0","44","0x0002","0","1","0","0","0","0","0","65535","0x0f1b","0","1460"
"4","20",,"0x0000","0x40","0","1","0","0","64","6","0xf2b5","192.168.1.56","99.80.34.210","64","0x00","57847","443","0","0","0","44","0x0002","0","1","0","0","0","0","0","65535","0x3e24","0","1460"
"4","20",,"0x0000","0x40","0","1","0","0","64","6","0xf2b5","192.168.1.56","99.80.34.210","64","0x00","57848","443","0","0","0","44","0x0002","0","1","0","0","0","0","0","65535","0xbd2d","0","1460"
"4","20",,"0x0000","0x40","0","1","0","0","64","6","0xf2b5","192.168.1.56","99.80.34.210","64","0x00","57849","443","0","0","0","44","0x0002","0","1","0","0","0","0","0","65535","0x52c8","0","1460"
"4","20",,"0x0000","0x40","0","1","0","0","221","6","0x55b9","99.80.34.210","192.168.1.56","60","0x00","443","57849","0","1","0","40","0x0012","0","1","0","0","1","0","0","65084","0x93aa","0","1240"
"4","20",,"0x0000","0x40","0","1","0","0","230","6","0x4cb9","99.80.34.210","192.168.1.56","60","0x00","443","57848","0","1","0","40","0x0012","0","1","0","0","1","0","0","65300","0xf109","0","1318"
"4","20",,"0x0000","0x40","0","1","0","0","231","6","0x4bb9","99.80.34.210","192.168.1.56","60","0x00","443","57847","0","1","0","40","0x0012","0","1","0","0","1","0","0","64778","0x36c1","0","1334"
"4","20",,"0x0000","0x40","0","1","0","0","220","6","0x56b9","99.80.34.210","192.168.1.56","60","0x00","443","57846","0","1","0","40","0x0012","0","1","0","0","1","0","0","64778","0xbce0","0","1334"
"4","20",,"0x0000","0x40","0","1","0","0","64","6","0x2d6c","192.168.1.56","54.169.20.195","64","0x00","57866","443","0","0","0","44","0x0002","0","1","0","0","0","0","0","65535","0x19ec","0","1460"
"4","20",,"0x0000","0x40","0","1","0","0","235","6","0x826f","54.169.20.195","192.168.1.56","60","0x00","443","57866","0","1","0","40","0x0012","0","1","0","0","1","0","0","26847","0x4aa7","0","1360"
"4","20",,"0x0000","0x40","0","1","0","0","64","6","0x4bf1","192.168.1.56","95.100.205.130","64","0x00","57867","443","0","0","0","44","0x0002","0","1","0","0","0","0","0","65535","0x4b2d","0","1460"
"4","20",,"0x0000","0x40","0","1","0","0","60","6","0x4ff5","95.100.205.130","192.168.1.56","60","0x00","443","57867","0","1","0","40","0x0012","0","1","0","0","1","0","0","65160","0x434f","0","1360"
"4","20",,"0x0000","0x40","0","1","0","0","64","6","0x4bf1","192.168.1.56","95.100.205.130","64","0x00","57868","443","0","0","0","44","0x0002","0","1","0","0","0","0","0","65535","0x2397","0","1460"
"4","20",,"0x0000","0x40","0","1","0","0","64","6","0xf013","192.168.1.56","8.214.127.238","64","0x00","57869","443","0","0","0","44","0x0002","0","1","0","0","0","0","0","65535","0x077e","0","1460"
"4","20",,"0x0000","0x40","0","1","0","0","60","6","0x4ff5","95.100.205.130","192.168.1.56","60","0x00","443","57868","0","1","0","40","0x0012","0","1","0","0","1","0","0","65160","0x3acb","0","1360"
"4","20",,"0x0000","0x40","0","1","0","0","64","6","0xf39d","192.168.1.56","209.54.180.3","64","0x00","57870","443","0","0","0","44","0x0002","0","1","0","0","0","0","0","65535","0xac78","0","1460"
"4","20",,"0x0000","0x40","0","1","0","0","64","6","0x4bf1","192.168.1.56","95.100.205.130","64","0x00","57871","443","0","0","0","44","0x0002","0","1","0","0","0","0","0","65535","0xf72a","0","1460"
"4","20",,"0x0000","0x40","0","1","0","0","64","6","0x3cfa","192.168.1.56","34.243.24.235","64","0x00","57872","443","0","0","0","44","0x0002","0","1","0","0","0","0","0","65535","0x4b59","0","1460"
"4","20",,"0x0000","0x40","0","1","0","0","64","6","0xeea6","192.168.1.56","66.155.71.150","64","0x00","57873","443","0","0","0","44","0x0002","0","1","0","0","0","0","0","65535","0x10f2","0","1460"
"4","20",,"0x0000","0x40","0","1","0","0","64","6","0x0e3d","192.168.1.56","89.207.16.204","64","0x00","57874","443","0","0","0","44","0x0002","0","1","0","0","0","0","0","65535","0xf6a5","0","1460"
"4","20",,"0x0000","0x40","0","1","0","0","60","6","0x4ff5","95.100.205.130","192.168.1.56","60","0x00","443","57871","0","1","0","40","0x0012","0","1","0","0","1","0","0","65160","0x1ef9","0","1360"
"4","20",,"0x0000","0x40","0","1","0","0","64","6","0xf013","192.168.1.56","8.214.127.238","64","0x00","57875","443","0","0","0","44","0x0002","0","1","0","0","0","0","0","65535","0x3aef","0","1460"
"4","20",,"0x0000","0x40","0","1","0","0","56","6","0xf6b6","66.155.71.150","192.168.1.56","48","0x00","443","57873","0","1","0","28","0x0012","0","1","0","0","1","0","0","29200","0x00ef","0","1360"
"4","20",,"0x0000","0x40","0","1","0","0","52","6","0x1a41","89.207.16.204","192.168.1.56","60","0x00","443","57874","0","1","0","40","0x0012","0","1","0","0","1","0","0","28960","0x6197","0","1360"
"4","20",,"0x0000","0x40","0","1","0","0","230","6","0x96fd","34.243.24.235","192.168.1.56","60","0x00","443","57872","0","1","0","40","0x0012","0","1","0","0","1","0","0","26847","0x46a7","0","1360"
"4","20",,"0x0000","0x40","0","1","0","0","64","6","0x4bf1","192.168.1.56","95.100.205.130","64","0x00","57880","443","0","0","0","44","0x0002","0","1","0","0","0","0","0","65535","0xdb35","0","1460"
"4","20",,"0x0000","0x40","0","1","0","0","64","6","0x4bf1","192.168.1.56","95.100.205.130","64","0x00","57881","443","0","0","0","44","0x0002","0","1","0","0","0","0","0","65535","0x03cc","0","1460"
"4","20",,"0x0000","0x40","0","1","0","0","50","6","0xfe1f","8.214.127.238","192.168.1.56","52","0x00","443","57869","0","1","0","32","0x0012","0","1","0","0","1","0","0","29200","0xe826","0","1360"
"4","20",,"0x0000","0x40","0","1","0","0","60","6","0x4ff5","95.100.205.130","192.168.1.56","60","0x00","443","57880","0","1","0","40","0x0012","0","1","0","0","1","0","0","65160","0xc162","0","1360"
"4","20",,"0x0000","0x40","0","1","0","0","60","6","0x4ff5","95.100.205.130","192.168.1.56","60","0x00","443","57881","0","1","0","40","0x0012","0","1","0","0","1","0","0","65160","0x22fa","0","1360"
"4","20",,"0x1944","0x40","0","1","0","0","234","6","0x3065","209.54.180.3","192.168.1.56","52","0x00","443","57870","0","1","0","32","0x0012","0","1","0","0","1","0","0","8190","0xec93","0","1360"
"4","20",,"0x0000","0x40","0","1","0","0","64","6","0x3e10","192.168.1.56","72.251.241.204","64","0x00","57882","443","0","0","0","44","0x0002","0","1","0","0","0","0","0","65535","0xf325","0","1460"
"4","20",,"0x0000","0x40","0","1","0","0","64","6","0x4bf1","192.168.1.56","95.100.205.130","64","0x00","57883","443","0","0","0","44","0x0002","0","1","0","0","0","0","0","65535","0x7419","0","1460"
"4","20",,"0x0000","0x40","0","1","0","0","52","6","0x4a14","72.251.241.204","192.168.1.56","60","0x00","443","57882","0","1","0","40","0x0012","0","1","0","0","1","0","0","65160","0x08a8","0","1360"
"4","20",,"0x0000","0x40","0","1","0","0","60","6","0x4ff5","95.100.205.130","192.168.1.56","60","0x00","443","57883","0","1","0","40","0x0012","0","1","0","0","1","0","0","65160","0xcb42","0","1360"
"4","20",,"0x0000","0x40","0","1","0","0","64","6","0x4bf1","192.168.1.56","95.100.205.130","64","0x00","57884","443","0","0","0","44","0x0002","0","1","0","0","0","0","0","65535","0xcaf0","0","1460"
"4","20",,"0x0000","0x40","0","1","0","0","64","6","0x4bf1","192.168.1.56","95.100.205.130","64","0x00","57885","443","0","0","0","44","0x0002","0","1","0","0","0","0","0","65535","0x3405","0","1460"
"4","20",,"0x0000","0x40","0","1","0","0","49","6","0xff1f","8.214.127.238","192.168.1.56","52","0x00","443","57875","0","1","0","32","0x0012","0","1","0","0","1","0","0","29200","0x4a23","0","1360"
"4","20",,"0x0000","0x40","0","1","0","0","64","6","0x4bf1","192.168.1.56","95.100.205.130","64","0x00","57886","443","0","0","0","44","0x0002","0","1","0","0","0","0","0","65535","0xb458","0","1460"
"4","20",,"0x0000","0x40","0","1","0","0","60","6","0x4ff5","95.100.205.130","192.168.1.56","60","0x00","443","57884","0","1","0","40","0x0012","0","1","0","0","1","0","0","65160","0xf2ef","0","1360"
"4","20",,"0x0000","0x40","0","1","0","0","60","6","0x4ff5","95.100.205.130","192.168.1.56","60","0x00","443","57885","0","1","0","40","0x0012","0","1","0","0","1","0","0","65160","0x192f","0","1360"
"4","20",,"0x0000","0x40","0","1","0","0","60","6","0x4ff5","95.100.205.130","192.168.1.56","60","0x00","443","57886","0","1","0","40","0x0012","0","1","0","0","1","0","0","65160","0xef79","0","1360"
"4","20",,"0x0000","0x40","0","1","0","0","64","6","0x5c55","192.168.1.56","35.227.248.159","64","0x00","57887","443","0","0","0","44","0x0002","0","1","0","0","0","0","0","65535","0x8a07","0","1460"
"4","20",,"0x33b6","0x00","0","0","0","0","116","6","0x34a3","35.227.248.159","192.168.1.56","60","0x00","443","57887","0","1","0","40","0x0012","0","1","0","0","1","0","0","65535","0x08a5","0","1360"
"4","20",,"0x0000","0x40","0","1","0","0","64","6","0xf39d","192.168.1.56","209.54.180.3","64","0x00","57888","443","0","0","0","44","0x0002","0","1","0","0","0","0","0","65535","0x4777","0","1460"
"4","20",,"0x0000","0x40","0","1","0","0","64","6","0x0ad5","192.168.1.56","141.226.224.32","64","0x00","57889","443","0","0","0","44","0x0002","0","1","0","0","0","0","0","65535","0x8285","0","1460"
"4","20",,"0xa7c2","0x40","0","1","0","0","235","6","0xa0e6","209.54.180.3","192.168.1.56","52","0x00","443","57888","0","1","0","32","0x0012","0","1","0","0","1","0","0","8190","0xdb68","0","1360"
"4","20",,"0x0000","0x40","0","1","0","0","45","6","0x1dd1","141.226.224.32","192.168.1.56","60","0x08","443","57889","0","1","0","40","0x0012","0","1","0","0","1","0","0","28960","0x28a9","0","1360"
"4","20",,"0x0000","0x40","0","1","0","0","64","6","0xabf8","192.168.1.56","54.36.150.187","64","0x00","57890","443","0","0","0","44","0x0002","0","1","0","0","0","0","0","65535","0x8ed0","0","1460"
"4","20",,"0x0000","0x40","0","1","0","0","64","6","0x83ef","192.168.1.56","85.114.159.118","64","0x00","57891","443","0","0","0","44","0x0002","0","1","0","0","0","0","0","65535","0xdb70","0","1460"
"4","20",,"0x0000","0x40","0","1","0","0","50","6","0xb9fc","54.36.150.187","192.168.1.56","60","0x00","443","57890","0","1","0","40","0x0012","0","1","0","0","1","0","0","65160","0x929c","0","1360"
"4","20",,"0x0000","0x40","0","1","0","0","53","6","0x8efb","85.114.159.118","192.168.1.56","52","0x00","443","57891","0","1","0","32","0x0012","0","1","0","0","1","0","0","64240","0xbdae","0","1360"
"4","20",,"0x0000","0x40","0","1","0","0","64","6","0x179a","192.168.1.56","34.225.62.93","64","0x00","57900","443","0","0","0","44","0x0002","0","1","0","0","0","0","0","65535","0x5c32","0","1460"
"4","20",,"0x0000","0x40","0","1","0","0","238","6","0x699d","34.225.62.93","192.168.1.56","60","0x00","443","57900","0","1","0","40","0x0012","0","1","0","0","1","0","0","26847","0xb385","0","1360"
"4","20",,"0x0000","0x40","0","1","0","0","64","6","0x7435","192.168.1.56","74.118.186.44","64","0x00","57925","443","0","0","0","44","0x0002","0","1","0","0","0","0","0","65535","0x8957","0","1460"
"4","20",,"0x0000","0x40","0","1","0","0","64","6","0x366a","192.168.1.56","72.34.250.75","64","0x00","57926","443","0","0","0","44","0x0002","0","1","0","0","0","0","0","65535","0x5d59","0","1460"
"4","20",,"0x0000","0x40","0","1","0","0","51","6","0x8141","74.118.186.44","192.168.1.56","52","0x00","443","57925","0","1","0","32","0x0012","0","1","0","0","1","0","0","65535","0x341c","0","1360"
"4","20",,"0x0000","0x40","0","1","0","0","50","6","0x446e","72.34.250.75","192.168.1.56","60","0x00","443","57926","0","1","0","40","0x0012","0","1","0","0","1","0","0","28960","0xc466","0","1360"
"4","20",,"0x0000","0x40","0","1","0","0","64","6","0x7435","192.168.1.56","74.118.186.44","64","0x00","57931","443","0","0","0","44","0x0002","0","1","0","0","0","0","0","65535","0xb003","0","1460"
"4","20",,"0x0000","0x40","0","1","0","0","52","6","0x8041","74.118.186.44","192.168.1.56","52","0x00","443","57931","0","1","0","32","0x0012","0","1","0","0","1","0","0","65535","0xe24d","0","1360"
"4","20",,"0x0000","0x40","0","1","0","0","64","6","0x7435","192.168.1.56","74.118.186.44","64","0x00","57932","443","0","0","0","44","0x0002","0","1","0","0","0","0","0","65535","0x1f6c","0","1460"
"4","20",,"0x0000","0x40","0","1","0","0","64","6","0x4c30","192.168.1.56","95.100.205.67","64","0x00","57933","443","0","0","0","44","0x0002","0","1","0","0","0","0","0","65535","0xd762","0","1460"
"4","20",,"0x0000","0x40","0","1","0","0","60","6","0x5034","95.100.205.67","192.168.1.56","60","0x00","443","57933","0","1","0","40","0x0012","0","1","0","0","1","0","0","65160","0xcd66","0","1360"
"4","20",,"0x0000","0x40","0","1","0","0","64","6","0xae2c","192.168.1.56","103.231.98.196","64","0x00","57934","443","0","0","0","44","0x0002","0","1","0","0","0","0","0","65535","0xe099","0","1460"
"4","20",,"0x0000","0x40","0","1","0","0","64","6","0x7435","192.168.1.56","74.118.186.44","64","0x00","57935","443","0","0","0","44","0x0002","0","1","0","0","0","0","0","65535","0xc763","0","1460"
"4","20",,"0x0000","0x40","0","1","0","0","52","6","0x8041","74.118.186.44","192.168.1.56","52","0x00","443","57932","0","1","0","32","0x0012","0","1","0","0","1","0","0","65535","0x572b","0","1360"
"4","20",,"0xfec3","0x40","0","1","0","0","238","6","0x016c","103.231.98.196","192.168.1.56","60","0x00","443","57934","0","1","0","40","0x0012","0","1","0","0","1","0","0","13600","0x6943","0","1360"
"4","20",,"0x0000","0x40","0","1","0","0","52","6","0x8041","74.118.186.44","192.168.1.56","52","0x00","443","57935","0","1","0","32","0x0012","0","1","0","0","1","0","0","65535","0xdc7a","0","1360"
"4","20",,"0x0000","0x40","0","1","0","0","52","6","0x8041","74.118.186.44","192.168.1.56","52","0x00","443","57931","0","1","0","32","0x0012","0","1","0","0","1","0","0","65535","0xe24d","0","1360"
"4","20",,"0x0000","0x40","0","1","0","0","52","6","0x8041","74.118.186.44","192.168.1.56","52","0x00","443","57931","0","1","0","32","0x0012","0","1","0","0","1","0","0","65535","0xe24d","0","1360"
"4","20",,"0x0000","0x40","0","1","0","0","64","6","0xe283","192.168.1.56","185.33.221.50","64","0x00","57964","443","0","0","0","44","0x0002","0","1","0","0","0","0","0","65535","0x5145","0","1460"
"4","20",,"0x0000","0x40","0","1","0","0","64","6","0x4d63","192.168.1.56","95.100.204.16","64","0x00","57965","443","0","0","0","44","0x0002","0","1","0","0","0","0","0","65535","0x0433","0","1460"
"4","20",,"0x0000","0x40","0","1","0","0","64","6","0x4657","192.168.1.56","104.79.202.49","64","0x00","57966","443","0","0","0","44","0x0002","0","1","0","0","0","0","0","65535","0x023e","0","1460"
"4","20",,"0x0000","0x40","0","1","0","0","64","6","0xef79","192.168.1.56","52.59.85.35","64","0x00","57967","443","0","0","0","44","0x0002","0","1","0","0","0","0","0","65535","0x8dbe","0","1460"
"4","20",,"0x0000","0x40","0","1","0","0","64","6","0xf89e","192.168.1.56","35.168.92.145","64","0x00","57968","443","0","0","0","44","0x0002","0","1","0","0","0","0","0","65535","0xd119","0","1460"
"4","20",,"0x0000","0x40","0","1","0","0","60","6","0x5167","95.100.204.16","192.168.1.56","60","0x00","443","57965","0","1","0","40","0x0012","0","1","0","0","1","0","0","65160","0xa3ab","0","1360"
"4","20",,"0x0000","0x40","0","1","0","0","64","6","0x0191","192.168.1.56","213.19.162.51","64","0x00","57969","443","0","0","0","44","0x0002","0","1","0","0","0","0","0","65535","0xc5a0","0","1460"
"4","20",,"0x0000","0x40","0","1","0","0","59","6","0x4b5b","104.79.202.49","192.168.1.56","60","0x00","443","57966","0","1","0","40","0x0012","0","1","0","0","1","0","0","65160","0x496e","0","1360"
"4","20",,"0x0000","0x40","0","1","0","0","50","6","0xf07f","185.33.221.50","192.168.1.56","60","0x08","443","57964","0","1","0","40","0x0012","0","1","0","0","1","0","0","43440","0x07e7","0","1360"
"4","20",,"0x0000","0x40","0","1","0","0","240","6","0x3f7d","52.59.85.35","192.168.1.56","60","0x00","443","57967","0","1","0","40","0x0012","0","1","0","0","1","0","0","26847","0x19ba","0","1360"
"4","20",,"0x0000","0x40","0","1","0","0","117","6","0xcc94","213.19.162.51","192.168.1.56","60","0x00","443","57969","0","1","0","40","0x0012","0","1","0","0","1","0","0","14600","0xc244","0","1360"
"4","20",,"0x0000","0x40","0","1","0","0","238","6","0x4aa2","35.168.92.145","192.168.1.56","60","0x00","443","57968","0","1","0","40","0x0012","0","1","0","0","1","0","0","26847","0x1599","0","1360"
"4","20",,"0x0000","0x40","0","1","0","0","64","6","0x7435","192.168.1.56","74.118.186.44","64","0x00","58018","443","0","0","0","44","0x0002","0","1","0","0","0","0","0","65535","0x3553","0","1460"
"4","20",,"0x0000","0x40","0","1","0","0","52","6","0x8041","74.118.186.44","192.168.1.56","52","0x00","443","58018","0","1","0","32","0x0012","0","1","0","0","1","0","0","65535","0x487d","0","1360"
"4","20",,"0x0000","0x40","0","1","0","0","64","6","0x7435","192.168.1.56","74.118.186.44","64","0x00","58023","443","0","0","0","44","0x0002","0","1","0","0","0","0","0","65535","0x6b48","0","1460"
"4","20",,"0x0000","0x40","0","1","0","0","52","6","0x8041","74.118.186.44","192.168.1.56","52","0x00","443","58023","0","1","0","32","0x0012","0","1","0","0","1","0","0","65535","0x2c35","0","1360"
"4","20",,"0x0000","0x40","0","1","0","0","64","6","0x7435","192.168.1.56","74.118.186.44","64","0x00","58024","443","0","0","0","44","0x0002","0","1","0","0","0","0","0","65535","0x0349","0","1460"
"4","20",,"0x0000","0x40","0","1","0","0","64","6","0x1456","192.168.1.56","3.121.97.9","64","0x00","58025","443","0","0","0","44","0x0002","0","1","0","0","0","0","0","65535","0x62c9","0","1460"
"4","20",,"0x0000","0x40","0","1","0","0","239","6","0x6559","3.121.97.9","192.168.1.56","60","0x00","443","58025","0","1","0","40","0x0012","0","1","0","0","1","0","0","26847","0xe623","0","1360"
"4","20",,"0x0000","0x40","0","1","0","0","52","6","0x8041","74.118.186.44","192.168.1.56","52","0x00","443","58024","0","1","0","32","0x0012","0","1","0","0","1","0","0","65535","0xdaa4","0","1360"
"4","20",,"0x0000","0x40","0","1","0","0","64","6","0x0afb","192.168.1.56","185.94.180.126","64","0x00","58026","443","0","0","0","44","0x0002","0","1","0","0","0","0","0","65535","0xad50","0","1460"
"4","20",,"0x1c78","0x40","0","1","0","0","246","6","0x3886","185.94.180.126","192.168.1.56","60","0x00","443","58026","0","1","0","40","0x0012","0","1","0","0","1","0","0","13600","0xc1d8","0","1360"
"4","20",,"0x0000","0x40","0","1","0","0","52","6","0x8041","74.118.186.44","192.168.1.56","52","0x00","443","58023","0","1","0","32","0x0012","0","1","0","0","1","0","0","65535","0x2c35","0","1360"
"4","20",,"0x0000","0x40","0","1","0","0","51","6","0x8141","74.118.186.44","192.168.1.56","52","0x00","443","58023","0","1","0","32","0x0012","0","1","0","0","1","0","0","65535","0x2c35","0","1360"
"4","20",,"0x0000","0x40","0","1","0","0","64","6","0x203c","192.168.1.56","172.217.171.194","64","0x00","58039","443","0","0","0","44","0x0002","0","1","0","0","0","0","0","65535","0x1bb2","0","1460"
"4","20",,"0x2aac","0x00","0","0","0","0","116","6","0x0194","172.217.171.194","192.168.1.56","60","0x00","443","58039","0","1","0","40","0x0012","0","1","0","0","1","0","0","65535","0xc2f8","0","1360"
"4","20",,"0x0000","0x40","0","1","0","0","64","6","0x65f8","192.168.1.56","192.115.82.108","64","0x00","58056","443","0","0","0","44","0x0002","0","1","0","0","0","0","0","65535","0x8050","0","1460"
"4","20",,"0x901f","0x40","0","1","0","0","58","6","0xdbd8","192.115.82.108","192.168.1.56","64","0x00","443","58056","0","1","0","44","0x0012","0","1","0","0","1","0","0","65535","0x8aab","0","1360"
"4","20",,"0x0000","0x40","0","1","0","0","64","6","0xd765","192.168.1.56","54.157.106.213","64","0x00","58105","443","0","0","0","44","0x0002","0","1","0","0","0","0","0","65535","0x7ea0","0","1460"
"4","20",,"0x0000","0x40","0","1","0","0","237","6","0x2a69","54.157.106.213","192.168.1.56","60","0x00","443","58105","0","1","0","40","0x0012","0","1","0","0","1","0","0","26847","0xf942","0","1360"
"4","20",,"0x0000","0x40","0","1","0","0","64","6","0x3eed","192.168.1.56","52.211.5.24","64","0x00","58146","443","0","0","0","44","0x0002","0","1","0","0","0","0","0","65535","0x8f77","0","1460"
"4","20",,"0x0000","0x40","0","1","0","0","229","6","0x99f0","52.211.5.24","192.168.1.56","60","0x00","443","58146","0","1","0","40","0x0012","0","1","0","0","1","0","0","26847","0xaa08","0","1360"
"4","20",,"0x0000","0x40","0","1","0","0","64","6","0x65f8","192.168.1.56","192.115.82.108","64","0x00","58151","443","0","0","0","44","0x0002","0","1","0","0","0","0","0","65535","0x5ea2","0","1460"
"4","20",,"0x677e","0x40","0","1","0","0","58","6","0x047a","192.115.82.108","192.168.1.56","64","0x00","443","58151","0","1","0","44","0x0012","0","1","0","0","1","0","0","65535","0x11f4","0","1360"
"4","20",,"0x0000","0x40","0","1","0","0","64","6","0x06c5","192.168.1.56","141.226.228.48","64","0x00","58444","443","0","0","0","44","0x0002","0","1","0","0","0","0","0","65535","0x19ec","0","1460"
"4","20",,"0x0000","0x40","0","1","0","0","51","6","0x13d1","141.226.228.48","192.168.1.56","52","0x00","443","58444","0","1","0","32","0x0012","0","1","0","0","1","0","0","29200","0x95b6","0","1360"
"4","20",,"0x0000","0x40","0","1","0","0","64","6","0x2118","192.168.1.56","142.250.200.197","64","0x00","58449","443","0","0","0","44","0x0002","0","1","0","0","0","0","0","65535","0xe731","0","1460"
"4","20",,"0xbf1c","0x00","0","0","0","0","118","6","0x6bff","142.250.200.197","192.168.1.56","60","0x00","443","58449","0","1","0","40","0x0012","0","1","0","0","1","0","0","65535","0x1359","0","1360"
"4","20",,"0x0000","0x40","0","1","0","0","64","6","0x3504","192.168.1.56","54.171.13.41","64","0x00","58510","443","0","0","0","44","0x0002","0","1","0","0","0","0","0","65535","0x9012","0","1460"
"4","20",,"0x0000","0x40","0","1","0","0","230","6","0x8f07","54.171.13.41","192.168.1.56","60","0x00","443","58510","0","1","0","40","0x0012","0","1","0","0","1","0","0","26847","0x1267","0","1360"
